,Date,Close,Volume,Value,Open,High,Low
0,2013-11-29,5000.0,0,0,5000.0,5000.0,5000.0
1,2013-11-27,5000.0,0,0,5000.0,5000.0,5000.0
2,2013-07-18,5000.0,0,0,5000.0,5000.0,5000.0
3,2013-07-17,5000.0,100,500000,5000.0,5000.0,5000.0
4,2013-07-16,4600.0,200,920000,4600.0,4600.0,4600.0
5,2013-07-15,4500.0,100,450000,4500.0,4500.0,4500.0
6,2013-07-12,4100.0,0,0,4100.0,4100.0,4100.0
7,2013-07-11,4100.0,0,0,4100.0,4100.0,4100.0
8,2013-07-10,4100.0,0,0,4100.0,4100.0,4100.0
9,2013-07-09,4100.0,100,410000,4100.0,4100.0,4100.0
10,2013-07-08,4500.0,0,0,4500.0,4500.0,4500.0
11,2013-07-05,4500.0,0,0,4500.0,4500.0,4500.0
12,2013-07-04,4500.0,0,0,4500.0,4500.0,4500.0
13,2013-07-03,4500.0,0,0,4500.0,4500.0,4500.0
14,2013-07-02,4500.0,0,0,4500.0,4500.0,4500.0
15,2013-07-01,4400.0,2900,13010000,4500.0,4500.0,4400.0
16,2013-06-28,4600.0,0,0,4600.0,4600.0,4600.0
17,2013-06-27,4600.0,0,0,4600.0,4600.0,4600.0
18,2013-06-26,4600.0,0,0,4600.0,4600.0,4600.0
19,2013-06-25,4600.0,0,0,4600.0,4600.0,4600.0
20,2013-06-24,4600.0,0,0,4600.0,4600.0,4600.0
21,2013-06-21,4600.0,0,0,4600.0,4600.0,4600.0
22,2013-06-19,4600.0,0,0,4600.0,4600.0,4600.0
23,2013-06-18,4600.0,0,0,4600.0,4600.0,4600.0
24,2013-06-17,4600.0,0,0,4600.0,4600.0,4600.0
25,2013-06-14,4600.0,0,0,4600.0,4600.0,4600.0
26,2013-06-13,4600.0,0,0,4600.0,4600.0,4600.0
27,2013-06-12,4600.0,0,0,4600.0,4600.0,4600.0
28,2013-06-11,4600.0,0,0,4600.0,4600.0,4600.0
29,2013-06-10,4600.0,100,460000,4600.0,4600.0,4600.0
30,2013-06-07,4400.0,0,0,4400.0,4400.0,4400.0
31,2013-06-06,4400.0,0,0,4400.0,4400.0,4400.0
32,2013-06-05,4400.0,0,0,4400.0,4400.0,4400.0
33,2013-06-04,4400.0,0,0,4400.0,4400.0,4400.0
34,2013-06-03,4400.0,2500,11000000,4400.0,4400.0,4400.0
35,2013-05-31,4400.0,0,0,4400.0,4400.0,4400.0
36,2013-05-30,4400.0,1600,7040000,4400.0,4400.0,4400.0
37,2013-05-29,4400.0,0,0,4400.0,4400.0,4400.0
38,2013-05-28,4400.0,0,0,4400.0,4400.0,4400.0
39,2013-05-27,4400.0,0,0,4400.0,4400.0,4400.0
40,2013-05-24,4400.0,5000,22000000,4400.0,4400.0,4400.0
41,2013-05-23,4400.0,0,0,4400.0,4400.0,4400.0
42,2013-05-22,4400.0,0,0,4400.0,4400.0,4400.0
43,2013-05-21,4400.0,0,0,4400.0,4400.0,4400.0
44,2013-05-17,4400.0,0,0,4400.0,4400.0,4400.0
45,2013-05-16,4400.0,0,0,4400.0,4400.0,4400.0
46,2013-05-15,4400.0,0,0,4400.0,4400.0,4400.0
47,2013-05-14,4400.0,0,0,4400.0,4400.0,4400.0
48,2013-05-13,4400.0,0,0,4400.0,4400.0,4400.0
49,2013-05-10,4400.0,23800,104720000,4400.0,4400.0,4400.0
50,2013-05-09,4400.0,11000,48400000,4400.0,4400.0,4400.0
51,2013-05-08,4400.0,29000,127600000,4400.0,4400.0,4400.0
52,2013-05-07,4400.0,900,3990000,4500.0,4500.0,4400.0
53,2013-05-06,4400.0,1500,6700000,4500.0,4500.0,4400.0
54,2013-05-03,4400.0,0,0,4400.0,4400.0,4400.0
55,2013-05-02,4400.0,0,0,4400.0,4400.0,4400.0
56,2013-04-26,4400.0,0,0,4400.0,4400.0,4400.0
57,2013-04-25,4300.0,2500,10900000,4400.0,4400.0,4300.0
58,2013-04-24,4400.0,0,0,4400.0,4400.0,4400.0
59,2013-04-23,4400.0,400,1760000,4400.0,4400.0,4400.0
60,2013-04-22,4300.0,2200,9460000,4300.0,4300.0,4300.0
61,2013-04-18,4300.0,0,0,4300.0,4300.0,4300.0
62,2013-04-17,4300.0,8000,34420000,4300.0,4500.0,4300.0
63,2013-04-16,4300.0,0,0,4300.0,4300.0,4300.0
64,2013-04-15,4300.0,6000,25800000,4300.0,4300.0,4300.0
65,2013-04-12,4200.0,0,0,4200.0,4200.0,4200.0
66,2013-04-11,4200.0,23400,98580000,4300.0,4300.0,4200.0
67,2013-04-10,4200.0,4900,21010000,4300.0,4300.0,4200.0
68,2013-04-09,4200.0,0,0,4200.0,4200.0,4200.0
69,2013-04-08,4200.0,6000,25200000,4200.0,4200.0,4200.0
70,2013-04-05,4200.0,5000,21000000,4200.0,4200.0,4200.0
71,2013-04-04,4200.0,3000,12600000,4200.0,4200.0,4200.0
72,2013-04-03,4200.0,27500,115500000,4200.0,4200.0,4200.0
73,2013-04-02,4200.0,1100,4620000,4200.0,4200.0,4200.0
74,2013-04-01,4200.0,22300,93660000,4200.0,4200.0,4200.0
75,2013-03-29,4200.0,5500,23100000,4200.0,4200.0,4200.0
76,2013-03-28,4100.0,25400,106380000,4200.0,4200.0,4100.0
77,2013-03-27,4200.0,38000,159600000,4200.0,4200.0,4200.0
78,2013-03-26,4200.0,100,420000,4200.0,4200.0,4200.0
79,2013-03-25,4600.0,100,460000,4600.0,4600.0,4600.0
80,2013-03-22,4200.0,3900,16340000,4100.0,4200.0,4100.0
81,2013-03-21,4000.0,1000,4000000,4000.0,4000.0,4000.0
82,2013-03-20,4300.0,2000,8600000,4300.0,4300.0,4300.0
83,2013-03-19,4400.0,7100,31240000,4400.0,4400.0,4400.0
84,2013-03-18,4400.0,100,440000,4400.0,4400.0,4400.0
85,2013-03-15,5000.0,3100,13700000,4400.0,5000.0,4400.0
86,2013-03-14,4700.0,1700,7870000,4600.0,4700.0,4600.0
87,2013-03-13,4300.0,0,0,4300.0,4300.0,4300.0
88,2013-03-12,4300.0,2800,12040000,4300.0,4300.0,4300.0
89,2013-03-11,4500.0,11400,49260000,4300.0,4500.0,4300.0
90,2013-03-08,4200.0,1000,4200000,4200.0,4200.0,4200.0
91,2013-03-07,4400.0,5000,22000000,4400.0,4400.0,4400.0
92,2013-03-06,4000.0,9500,39000000,4100.0,4200.0,4000.0
93,2013-03-05,4000.0,22800,93100000,4100.0,4100.0,4000.0
94,2013-03-04,4000.0,0,0,4000.0,4000.0,4000.0
95,2013-03-01,4000.0,2500,10000000,4000.0,4000.0,4000.0
96,2013-02-28,4200.0,100,420000,4200.0,4200.0,4200.0
97,2013-02-27,3900.0,0,0,3900.0,3900.0,3900.0
98,2013-02-26,4000.0,4000,15720000,4000.0,4000.0,3900.0
99,2013-02-25,3900.0,0,0,3900.0,3900.0,3900.0
100,2013-02-22,3900.0,0,0,3900.0,3900.0,3900.0
101,2013-02-21,3900.0,5000,19500000,3900.0,3900.0,3900.0
102,2013-02-20,3600.0,0,0,3600.0,3600.0,3600.0
103,2013-02-19,3600.0,0,0,3600.0,3600.0,3600.0
104,2013-02-18,3600.0,0,0,3600.0,3600.0,3600.0
105,2013-02-08,3400.0,3000,10700000,3900.0,3900.0,3400.0
106,2013-02-07,3600.0,0,0,3600.0,3600.0,3600.0
107,2013-02-05,3600.0,9500,34220000,3700.0,3700.0,3600.0
108,2013-01-31,3600.0,0,0,3600.0,3600.0,3600.0
109,2013-01-30,3600.0,0,0,3600.0,3600.0,3600.0
110,2013-01-29,3600.0,2200,7900000,3600.0,3600.0,3500.0
111,2013-01-28,3300.0,0,0,3300.0,3300.0,3300.0
112,2013-01-25,3300.0,100,330000,3300.0,3300.0,3300.0
113,2013-01-24,3000.0,0,0,3000.0,3000.0,3000.0
114,2013-01-23,3000.0,0,0,3000.0,3000.0,3000.0
115,2013-01-22,3000.0,1000,3000000,3000.0,3000.0,3000.0
116,2013-01-18,2800.0,0,0,2800.0,2800.0,2800.0
117,2013-01-17,2800.0,3000,8400000,2800.0,2800.0,2800.0
118,2013-01-16,2800.0,2000,5600000,2800.0,2800.0,2800.0
119,2013-01-15,2800.0,300,840000,2800.0,2800.0,2800.0
120,2013-01-14,2800.0,0,0,2800.0,2800.0,2800.0
121,2013-01-11,2800.0,0,0,2800.0,2800.0,2800.0
122,2013-01-10,2800.0,100,280000,2800.0,2800.0,2800.0
123,2013-01-09,2700.0,100,270000,2700.0,2700.0,2700.0
124,2013-01-08,2500.0,0,0,2500.0,2500.0,2500.0
125,2013-01-07,2500.0,0,0,2500.0,2500.0,2500.0
126,2013-01-04,2500.0,0,0,2500.0,2500.0,2500.0
127,2013-01-03,2500.0,0,0,2500.0,2500.0,2500.0
128,2013-01-02,2500.0,0,0,2500.0,2500.0,2500.0
129,2012-12-28,2500.0,500,1250000,2500.0,2500.0,2500.0
130,2012-12-27,2700.0,1300,3510000,2700.0,2700.0,2700.0
131,2012-12-26,2800.0,8000,21300000,2600.0,2800.0,2600.0
132,2012-12-25,2600.0,2000,5200000,2600.0,2600.0,2600.0
133,2012-12-24,2500.0,0,0,2500.0,2500.0,2500.0
134,2012-12-21,2500.0,500,1250000,2500.0,2500.0,2500.0
135,2012-12-20,2700.0,11600,31320000,2700.0,2700.0,2700.0
136,2012-12-19,2700.0,3000,8100000,2700.0,2700.0,2700.0
137,2012-12-18,2500.0,0,0,2500.0,2500.0,2500.0
138,2012-12-14,2700.0,3400,9140000,2600.0,2700.0,2600.0
139,2012-12-13,2600.0,2000,5200000,2600.0,2600.0,2600.0
140,2012-12-12,2500.0,2500,6450000,2600.0,2600.0,2500.0
141,2012-12-11,2500.0,10000,25000000,2500.0,2500.0,2500.0
142,2012-12-10,2500.0,0,0,2500.0,2500.0,2500.0
143,2012-12-07,2500.0,0,0,2500.0,2500.0,2500.0
144,2012-12-06,2500.0,1000,2500000,2500.0,2500.0,2500.0
145,2012-12-05,2500.0,1100,2750000,2500.0,2500.0,2500.0
146,2012-12-04,2500.0,0,0,2500.0,2500.0,2500.0
147,2012-12-03,2500.0,0,0,2500.0,2500.0,2500.0
148,2012-11-30,2500.0,2000,5000000,2500.0,2500.0,2500.0
149,2012-11-28,2300.0,0,0,2300.0,2300.0,2300.0
150,2012-11-27,2300.0,2000,4600000,2300.0,2300.0,2300.0
151,2012-11-26,2200.0,1600,3520000,2200.0,2200.0,2200.0
152,2012-11-23,2300.0,9000,20600000,2200.0,2400.0,2200.0
153,2012-11-22,2200.0,4000,8800000,2200.0,2200.0,2200.0
154,2012-11-21,2300.0,0,0,2300.0,2300.0,2300.0
155,2012-11-20,2300.0,3000,6900000,2300.0,2300.0,2300.0
156,2012-11-19,2300.0,0,0,2300.0,2300.0,2300.0
157,2012-11-16,2300.0,0,0,2300.0,2300.0,2300.0
158,2012-11-15,2300.0,0,0,2300.0,2300.0,2300.0
159,2012-11-14,2300.0,0,0,2300.0,2300.0,2300.0
160,2012-11-13,2300.0,200,460000,2300.0,2300.0,2300.0
161,2012-11-12,2300.0,0,0,2300.0,2300.0,2300.0
162,2012-11-09,2300.0,0,0,2300.0,2300.0,2300.0
163,2012-11-08,2300.0,0,0,2300.0,2300.0,2300.0
164,2012-11-07,2300.0,1000,2300000,2300.0,2300.0,2300.0
165,2012-11-06,2400.0,0,0,2400.0,2400.0,2400.0
166,2012-11-05,2400.0,0,0,2400.0,2400.0,2400.0
167,2012-11-02,2400.0,0,0,2400.0,2400.0,2400.0
168,2012-11-01,2400.0,0,0,2400.0,2400.0,2400.0
169,2012-10-31,2400.0,0,0,2400.0,2400.0,2400.0
170,2012-10-30,2400.0,0,0,2400.0,2400.0,2400.0
171,2012-10-29,2400.0,0,0,2400.0,2400.0,2400.0
172,2012-10-26,2400.0,500,1200000,2400.0,2400.0,2400.0
173,2012-10-25,2300.0,0,0,2300.0,2300.0,2300.0
174,2012-10-24,2300.0,0,0,2300.0,2300.0,2300.0
175,2012-10-23,2300.0,0,0,2300.0,2300.0,2300.0
176,2012-10-22,2300.0,0,0,2300.0,2300.0,2300.0
177,2012-10-19,2300.0,0,0,2300.0,2300.0,2300.0
178,2012-10-18,2300.0,0,0,2300.0,2300.0,2300.0
179,2012-10-17,2300.0,0,0,2300.0,2300.0,2300.0
180,2012-10-16,2400.0,600,1400000,2200.0,2400.0,2200.0
181,2012-10-15,2200.0,0,0,2200.0,2200.0,2200.0
182,2012-10-12,2200.0,0,0,2200.0,2200.0,2200.0
183,2012-10-10,2200.0,0,0,2200.0,2200.0,2200.0
184,2012-10-09,2200.0,2000,4400000,2200.0,2200.0,2200.0
185,2012-10-08,2200.0,1700,3740000,2200.0,2200.0,2200.0
186,2012-10-05,2200.0,0,0,2200.0,2200.0,2200.0
187,2012-10-04,2200.0,2000,4400000,2200.0,2200.0,2200.0
188,2012-10-03,2200.0,900,1980000,2200.0,2200.0,2200.0
189,2012-10-02,2200.0,100,220000,2200.0,2200.0,2200.0
190,2012-10-01,2000.0,400,800000,2000.0,2000.0,2000.0
191,2012-09-28,3000.0,0,0,3000.0,3000.0,3000.0
192,2012-09-27,3000.0,0,0,3000.0,3000.0,3000.0
193,2012-09-26,3000.0,0,0,3000.0,3000.0,3000.0
194,2012-09-25,3000.0,0,0,3000.0,3000.0,3000.0
195,2012-09-24,3000.0,0,0,3000.0,3000.0,3000.0
196,2012-09-21,3000.0,0,0,3000.0,3000.0,3000.0
197,2012-09-20,3000.0,0,0,3000.0,3000.0,3000.0
198,2012-09-19,3000.0,0,0,3000.0,3000.0,3000.0
199,2012-09-18,3000.0,0,0,3000.0,3000.0,3000.0
200,2012-09-17,3000.0,0,0,3000.0,3000.0,3000.0
201,2012-09-14,3000.0,0,0,3000.0,3000.0,3000.0
202,2012-09-13,3000.0,0,0,3000.0,3000.0,3000.0
203,2012-09-12,3000.0,0,0,3000.0,3000.0,3000.0
204,2012-09-11,3000.0,0,0,3000.0,3000.0,3000.0
205,2012-09-10,3000.0,0,0,3000.0,3000.0,3000.0
206,2012-09-07,3000.0,0,0,3000.0,3000.0,3000.0
207,2012-09-06,3000.0,0,0,3000.0,3000.0,3000.0
208,2012-09-05,3000.0,0,0,3000.0,3000.0,3000.0
209,2012-09-04,3000.0,0,0,3000.0,3000.0,3000.0
210,2012-08-31,3000.0,0,0,3000.0,3000.0,3000.0
211,2012-08-30,3000.0,0,0,3000.0,3000.0,3000.0
212,2012-08-29,3000.0,0,0,3000.0,3000.0,3000.0
213,2012-08-28,3000.0,0,0,3000.0,3000.0,3000.0
214,2012-08-27,3000.0,0,0,3000.0,3000.0,3000.0
215,2012-08-24,3000.0,0,0,3000.0,3000.0,3000.0
216,2012-08-23,3000.0,0,0,3000.0,3000.0,3000.0
217,2012-08-22,3000.0,0,0,3000.0,3000.0,3000.0
218,2012-08-21,3000.0,0,0,3000.0,3000.0,3000.0
219,2012-08-20,3000.0,1000,3000000,3000.0,3000.0,3000.0
220,2012-08-17,2800.0,1000,2800000,2800.0,2800.0,2800.0
221,2012-08-16,3100.0,0,0,3100.0,3100.0,3100.0
222,2012-08-15,3100.0,0,0,3100.0,3100.0,3100.0
223,2012-08-13,3100.0,0,0,3100.0,3100.0,3100.0
224,2012-08-10,3100.0,0,0,3100.0,3100.0,3100.0
225,2012-08-09,3100.0,0,0,3100.0,3100.0,3100.0
226,2012-08-08,3100.0,0,0,3100.0,3100.0,3100.0
227,2012-08-07,3100.0,0,0,3100.0,3100.0,3100.0
228,2012-08-06,3100.0,0,0,3100.0,3100.0,3100.0
229,2012-08-02,3100.0,0,0,3100.0,3100.0,3100.0
230,2012-08-01,3100.0,0,0,3100.0,3100.0,3100.0
231,2012-07-31,3100.0,0,0,3100.0,3100.0,3100.0
232,2012-07-30,3100.0,0,0,3100.0,3100.0,3100.0
233,2012-07-27,3100.0,0,0,3100.0,3100.0,3100.0
234,2012-07-26,3100.0,2000,6200000,3100.0,3100.0,3100.0
235,2012-07-25,3300.0,0,0,3300.0,3300.0,3300.0
236,2012-07-24,3300.0,0,0,3300.0,3300.0,3300.0
237,2012-07-23,3300.0,0,0,3300.0,3300.0,3300.0
238,2012-07-20,3300.0,0,0,3300.0,3300.0,3300.0
239,2012-07-19,3300.0,0,0,3300.0,3300.0,3300.0
240,2012-07-18,3300.0,0,0,3300.0,3300.0,3300.0
241,2012-07-17,3300.0,0,0,3300.0,3300.0,3300.0
242,2012-07-16,3300.0,0,0,3300.0,3300.0,3300.0
243,2012-07-13,3300.0,0,0,3300.0,3300.0,3300.0
244,2012-07-12,3300.0,0,0,3300.0,3300.0,3300.0
245,2012-07-11,3300.0,0,0,3300.0,3300.0,3300.0
246,2012-07-10,3300.0,0,0,3300.0,3300.0,3300.0
247,2012-07-09,3300.0,0,0,3300.0,3300.0,3300.0
248,2012-07-06,3300.0,0,0,3300.0,3300.0,3300.0
249,2012-07-05,3300.0,2200,7260000,3300.0,3300.0,3300.0
250,2012-07-04,3600.0,0,0,3600.0,3600.0,3600.0
251,2012-07-03,3600.0,0,0,3600.0,3600.0,3600.0
252,2012-07-02,3600.0,0,0,3600.0,3600.0,3600.0
253,2012-06-29,3600.0,0,0,3600.0,3600.0,3600.0
254,2012-06-28,3600.0,0,0,3600.0,3600.0,3600.0
255,2012-06-27,3600.0,0,0,3600.0,3600.0,3600.0
256,2012-06-26,3600.0,0,0,3600.0,3600.0,3600.0
257,2012-06-25,3600.0,0,0,3600.0,3600.0,3600.0
258,2012-06-22,3600.0,0,0,3600.0,3600.0,3600.0
259,2012-06-21,3600.0,0,0,3600.0,3600.0,3600.0
260,2012-06-20,3600.0,0,0,3600.0,3600.0,3600.0
261,2012-06-19,3600.0,0,0,3600.0,3600.0,3600.0
262,2012-06-18,3600.0,0,0,3600.0,3600.0,3600.0
263,2012-06-15,3600.0,200,720000,3600.0,3600.0,3600.0
264,2012-06-14,3900.0,0,0,3900.0,3900.0,3900.0
265,2012-06-13,3900.0,0,0,3900.0,3900.0,3900.0
266,2012-06-12,3900.0,0,0,3900.0,3900.0,3900.0
267,2012-06-11,3900.0,0,0,3900.0,3900.0,3900.0
268,2012-06-08,3900.0,2000,7800000,3900.0,3900.0,3900.0
269,2012-06-07,3600.0,0,0,3600.0,3600.0,3600.0
270,2012-06-06,3600.0,0,0,3600.0,3600.0,3600.0
271,2012-06-05,3600.0,0,0,3600.0,3600.0,3600.0
272,2012-06-04,3600.0,0,0,3600.0,3600.0,3600.0
273,2012-06-01,3600.0,200,720000,3600.0,3600.0,3600.0
274,2012-05-31,3900.0,0,0,3900.0,3900.0,3900.0
275,2012-05-30,3900.0,0,0,3900.0,3900.0,3900.0
276,2012-05-29,3900.0,0,0,3900.0,3900.0,3900.0
277,2012-05-28,3900.0,0,0,3900.0,3900.0,3900.0
278,2012-05-25,3900.0,500,1950000,3900.0,3900.0,3900.0
279,2012-05-24,3900.0,0,0,3900.0,3900.0,3900.0
280,2012-05-23,3900.0,8500,32750000,3900.0,3900.0,3800.0
281,2012-05-22,4200.0,0,0,4200.0,4200.0,4200.0
282,2012-05-21,4200.0,100,420000,4200.0,4200.0,4200.0
283,2012-05-18,3900.0,4000,15400000,3800.0,3900.0,3800.0
284,2012-05-17,3800.0,0,0,3800.0,3800.0,3800.0
285,2012-05-16,3900.0,6000,22800000,3700.0,3900.0,3700.0
286,2012-05-15,3700.0,2100,7770000,3700.0,3700.0,3700.0
287,2012-05-14,4000.0,2500,9570000,3700.0,4000.0,3700.0
288,2012-05-11,4000.0,100,400000,4000.0,4000.0,4000.0
289,2012-05-10,3900.0,1700,6610000,3800.0,3900.0,3800.0
290,2012-05-09,3700.0,10000,37000000,3700.0,3700.0,3700.0
291,2012-05-08,3900.0,11500,42890000,3700.0,3900.0,3500.0
292,2012-05-07,3700.0,6100,22020000,3700.0,3700.0,3500.0
293,2012-05-04,3800.0,17700,66020000,3600.0,3900.0,3600.0
294,2012-05-03,3600.0,10100,36410000,3700.0,3900.0,3600.0
295,2012-04-27,3800.0,4200,15360000,3700.0,3800.0,3600.0
296,2012-04-26,3600.0,10000,37500000,3900.0,3900.0,3600.0
297,2012-04-25,3800.0,14000,52700000,3700.0,3800.0,3700.0
298,2012-04-24,3900.0,82900,289780000,3500.0,3900.0,3400.0
299,2012-04-23,3700.0,37000,138080000,4000.0,4000.0,3600.0
300,2012-04-20,4000.0,9100,36400000,4000.0,4000.0,4000.0
301,2012-04-19,3800.0,27000,107600000,4000.0,4000.0,3800.0
302,2012-04-18,3900.0,11000,43400000,4000.0,4000.0,3900.0
303,2012-04-17,4000.0,29600,118410000,4100.0,4100.0,4000.0
304,2012-04-16,3900.0,39000,155550000,4000.0,4100.0,3900.0
305,2012-04-13,4000.0,1000,4000000,4000.0,4000.0,4000.0
306,2012-04-12,3900.0,10000,39470000,3800.0,4000.0,3800.0
307,2012-04-11,3700.0,1000,3700000,3700.0,3700.0,3700.0
308,2012-04-10,3600.0,5000,18050000,3700.0,3700.0,3600.0
309,2012-04-09,3800.0,5000,18800000,3800.0,3800.0,3700.0
310,2012-04-06,3800.0,27600,107050000,3800.0,4000.0,3700.0
311,2012-04-05,3900.0,13100,50310000,3800.0,3900.0,3500.0
312,2012-04-04,3600.0,7000,25940000,3600.0,3800.0,3600.0
313,2012-04-03,3400.0,12500,45500000,3700.0,3700.0,3400.0
314,2012-03-30,3300.0,13000,43700000,3300.0,3500.0,3300.0
315,2012-03-29,3200.0,1000,3200000,3200.0,3200.0,3200.0
316,2012-03-28,3200.0,7100,22920000,3200.0,3300.0,3200.0
317,2012-03-26,3800.0,6000,22300000,3700.0,3800.0,3700.0
318,2012-03-23,3700.0,19700,69960000,3500.0,3700.0,3400.0
319,2012-03-22,3700.0,33600,123160000,3700.0,3700.0,3600.0
320,2012-03-21,3900.0,41700,159950000,3800.0,3900.0,3500.0
321,2012-03-20,3700.0,13300,48370000,3500.0,3700.0,3500.0
322,2012-03-19,3500.0,9500,32500000,3200.0,3500.0,3200.0
323,2012-03-16,3200.0,2000,6400000,3200.0,3200.0,3200.0
324,2012-03-15,3200.0,100,320000,3200.0,3200.0,3200.0
325,2012-03-14,3300.0,13500,44370000,3000.0,3300.0,3000.0
326,2012-03-13,3000.0,4100,12300000,3000.0,3000.0,3000.0
327,2012-03-12,3000.0,15200,45080000,3000.0,3000.0,2800.0
328,2012-03-09,3000.0,200,600000,3000.0,3000.0,3000.0
329,2012-03-08,3100.0,14100,43100000,3000.0,3100.0,3000.0
330,2012-03-07,3200.0,12700,41460000,3400.0,3400.0,3200.0
331,2012-03-06,3500.0,3500,12110000,3500.0,3500.0,3400.0
332,2012-03-05,3300.0,1400,4420000,2800.0,3300.0,2800.0
333,2012-03-02,3000.0,700,2100000,3000.0,3000.0,3000.0
334,2012-03-01,2900.0,11500,31820000,2700.0,2900.0,2700.0
335,2012-02-29,2700.0,400,1080000,2700.0,2700.0,2700.0
336,2012-02-28,2700.0,23500,63730000,2700.0,2900.0,2700.0
337,2012-02-27,2800.0,11200,29870000,2700.0,2800.0,2600.0
338,2012-02-24,2700.0,1600,4230000,2600.0,2700.0,2600.0
339,2012-02-23,2400.0,2100,5220000,2700.0,2700.0,2400.0
340,2012-02-22,2500.0,1000,2500000,2500.0,2500.0,2500.0
341,2012-02-21,2500.0,7200,17920000,2700.0,2700.0,2400.0
342,2012-02-20,2500.0,0,0,2500.0,2500.0,2500.0
343,2012-02-17,2500.0,1300,3310000,2700.0,2700.0,2500.0
344,2012-02-16,2500.0,3500,8610000,2500.0,2500.0,2400.0
345,2012-02-15,2500.0,11100,27870000,2700.0,2700.0,2500.0
346,2012-02-14,2600.0,7100,17960000,2600.0,2600.0,2500.0
347,2012-02-13,2600.0,1600,4260000,2600.0,2700.0,2600.0
348,2012-02-10,2700.0,6100,16800000,3000.0,3000.0,2700.0
349,2012-02-09,2900.0,1900,5420000,2900.0,2900.0,2800.0
350,2012-02-08,2800.0,900,2520000,2800.0,2800.0,2800.0
351,2012-02-07,2800.0,22400,58870000,2600.0,2900.0,2600.0
352,2012-02-06,2600.0,200,550000,2900.0,2900.0,2600.0
353,2012-02-03,2800.0,1000,2800000,2800.0,2800.0,2800.0
354,2012-02-02,2600.0,0,0,2600.0,2600.0,2600.0
355,2012-02-01,2600.0,0,0,2600.0,2600.0,2600.0
356,2012-01-31,2600.0,100,260000,2600.0,2600.0,2600.0
357,2012-01-30,2400.0,2700,6480000,2400.0,2400.0,2400.0
358,2012-01-20,2500.0,3000,7500000,2500.0,2500.0,2500.0
359,2012-01-19,2500.0,2100,5250000,2500.0,2500.0,2500.0
360,2012-01-18,2500.0,0,0,2500.0,2500.0,2500.0
361,2012-01-17,2500.0,1300,3270000,2700.0,2700.0,2500.0
362,2012-01-16,2500.0,0,0,2500.0,2500.0,2500.0
363,2012-01-13,2500.0,12500,31250000,2500.0,2500.0,2500.0
364,2012-01-12,2300.0,400,920000,2300.0,2300.0,2300.0
365,2012-01-11,2300.0,10000,23000000,2300.0,2300.0,2300.0
366,2012-01-10,2300.0,0,0,2300.0,2300.0,2300.0
367,2012-01-09,2300.0,0,0,2300.0,2300.0,2300.0
368,2012-01-06,2300.0,7700,17910000,2400.0,2400.0,2300.0
369,2012-01-05,2500.0,4100,10080000,2800.0,2800.0,2400.0
370,2012-01-04,2900.0,6300,16270000,2700.0,2900.0,2500.0
371,2012-01-03,2700.0,2000,5400000,2700.0,2700.0,2700.0
372,2011-12-30,2800.0,100,280000,2800.0,2800.0,2800.0
373,2011-12-29,2600.0,1400,3570000,2500.0,2600.0,2500.0
374,2011-12-28,2500.0,0,0,2500.0,2500.0,2500.0
375,2011-12-27,2500.0,2100,5160000,2400.0,2500.0,2400.0
376,2011-12-26,2500.0,3200,8000000,2500.0,2500.0,2500.0
377,2011-12-23,2500.0,100,250000,2500.0,2500.0,2500.0
378,2011-12-22,2700.0,0,0,2700.0,2700.0,2700.0
379,2011-12-21,2700.0,0,0,2700.0,2700.0,2700.0
380,2011-12-20,2700.0,0,0,2700.0,2700.0,2700.0
381,2011-12-19,2700.0,100,270000,2700.0,2700.0,2700.0
382,2011-12-16,2500.0,100,250000,2500.0,2500.0,2500.0
383,2011-12-15,2700.0,100,270000,2700.0,2700.0,2700.0
384,2011-12-14,2500.0,0,0,2500.0,2500.0,2500.0
385,2011-12-13,2500.0,300,750000,2500.0,2500.0,2500.0
386,2011-12-12,2700.0,100,270000,2700.0,2700.0,2700.0
387,2011-12-09,2800.0,1600,4610000,2900.0,2900.0,2800.0
388,2011-12-08,2600.0,200,560000,3000.0,3000.0,2600.0
389,2011-12-07,2800.0,1600,4480000,2800.0,2800.0,2800.0
390,2011-12-06,2800.0,900,2530000,2900.0,2900.0,2800.0
391,2011-12-05,2700.0,2700,7290000,2700.0,2700.0,2700.0
392,2011-12-02,2500.0,500,1250000,2500.0,2500.0,2500.0
393,2011-12-01,2600.0,400,1040000,2600.0,2600.0,2600.0
394,2011-11-30,2700.0,500,1380000,2800.0,2800.0,2700.0
395,2011-11-29,2900.0,0,0,2900.0,2900.0,2900.0
396,2011-11-28,2700.0,400,1150000,3100.0,3100.0,2700.0
397,2011-11-25,2900.0,0,0,2900.0,2900.0,2900.0
398,2011-11-24,2900.0,100,290000,2900.0,2900.0,2900.0
399,2011-11-23,2800.0,100,280000,2800.0,2800.0,2800.0
400,2011-11-22,2600.0,100,260000,2600.0,2600.0,2600.0
401,2011-11-21,2600.0,1400,3640000,2600.0,2600.0,2600.0
402,2011-11-18,2400.0,400,1040000,2800.0,2800.0,2400.0
403,2011-11-17,2600.0,0,0,2600.0,2600.0,2600.0
404,2011-11-16,2600.0,1000,2600000,2600.0,2600.0,2600.0
405,2011-11-15,2500.0,4000,10000000,2500.0,2500.0,2500.0
406,2011-11-14,2300.0,100,230000,2300.0,2300.0,2300.0
407,2011-11-11,2400.0,2100,5030000,2300.0,2400.0,2300.0
408,2011-11-10,2500.0,500,1250000,2500.0,2500.0,2500.0
409,2011-11-09,2700.0,100,270000,2700.0,2700.0,2700.0
410,2011-11-08,2500.0,2100,5240000,2400.0,2500.0,2400.0
411,2011-11-07,2600.0,0,0,2600.0,2600.0,2600.0
412,2011-11-04,2600.0,2300,5980000,2600.0,2600.0,2600.0
413,2011-11-03,2600.0,2000,5200000,2600.0,2600.0,2600.0
414,2011-11-02,2600.0,100,260000,2600.0,2600.0,2600.0
415,2011-11-01,2800.0,200,560000,2800.0,2800.0,2800.0
416,2011-10-31,3100.0,100,310000,3100.0,3100.0,3100.0
417,2011-10-28,2900.0,1300,3730000,2500.0,2900.0,2500.0
418,2011-10-27,2700.0,1000,2700000,2700.0,2700.0,2700.0
419,2011-10-26,3000.0,100,300000,3000.0,3000.0,3000.0
420,2011-10-25,2800.0,800,2240000,2800.0,2800.0,2800.0
421,2011-10-24,2600.0,4000,10930000,2800.0,2800.0,2600.0
422,2011-10-21,2900.0,400,1110000,2500.0,2900.0,2500.0
423,2011-10-20,2600.0,4100,10960000,2700.0,2700.0,2600.0
424,2011-10-19,2800.0,1000,2800000,2800.0,2800.0,2800.0
425,2011-10-18,2800.0,500,1400000,2800.0,2800.0,2800.0
426,2011-10-17,2800.0,0,0,2800.0,2800.0,2800.0
427,2011-10-14,2800.0,1300,3640000,2800.0,2800.0,2800.0
428,2011-10-13,2600.0,700,1810000,2500.0,2600.0,2500.0
429,2011-10-12,2700.0,1600,4320000,2700.0,2700.0,2700.0
430,2011-10-11,3300.0,200,600000,2700.0,3300.0,2700.0
431,2011-10-10,3000.0,0,0,3000.0,3000.0,3000.0
432,2011-10-07,3000.0,0,0,3000.0,3000.0,3000.0
433,2011-10-06,3000.0,2700,8040000,2700.0,3000.0,2700.0
434,2011-10-05,2900.0,6300,18470000,2900.0,3000.0,2900.0
435,2011-10-04,3200.0,100,320000,3200.0,3200.0,3200.0
436,2011-10-03,3000.0,1500,4500000,3000.0,3000.0,3000.0
437,2011-09-30,3100.0,500,1550000,3100.0,3100.0,3100.0
438,2011-09-29,3300.0,0,0,3300.0,3300.0,3300.0
439,2011-09-28,3300.0,1000,3300000,3300.0,3300.0,3300.0
440,2011-09-27,3400.0,1800,6120000,3400.0,3400.0,3400.0
441,2011-09-26,3400.0,500,1700000,3400.0,3400.0,3400.0
442,2011-09-23,3600.0,16600,56920000,3600.0,3600.0,3200.0
443,2011-09-22,3400.0,3400,11530000,3300.0,3400.0,3300.0
444,2011-09-21,3100.0,600,1870000,3200.0,3200.0,3100.0
445,2011-09-20,3200.0,3800,12180000,3300.0,3300.0,3200.0
446,2011-09-19,3400.0,2800,9640000,3800.0,3800.0,3400.0
447,2011-09-16,3500.0,900,3280000,3900.0,3900.0,3500.0
448,2011-09-15,3600.0,3600,13220000,3800.0,3800.0,3600.0
449,2011-09-14,3900.0,9400,36660000,3900.0,3900.0,3900.0
450,2011-09-13,3600.0,25300,90930000,3500.0,3600.0,3500.0
451,2011-09-12,3300.0,16600,54060000,3100.0,3300.0,3100.0
452,2011-09-09,2800.0,7800,23110000,3300.0,3300.0,2800.0
453,2011-09-08,3300.0,7100,21990000,3000.0,3300.0,3000.0
454,2011-09-07,3700.0,6900,21850000,3400.0,3700.0,3100.0
455,2011-09-06,3400.0,200,680000,3400.0,3400.0,3400.0
456,2011-09-05,3100.0,32900,101990000,3100.0,3100.0,3100.0
457,2011-09-01,2900.0,3700,10710000,2800.0,2900.0,2800.0
458,2011-08-31,2700.0,14500,39050000,2700.0,2700.0,2600.0
459,2011-08-30,2600.0,12500,31400000,2600.0,2600.0,2500.0
460,2011-08-29,2400.0,100,240000,2400.0,2400.0,2400.0
461,2011-08-26,2500.0,3900,9780000,2700.0,2700.0,2500.0
462,2011-08-25,2600.0,200,520,2600.0,2600.0,2600.0
463,2011-08-24,2400.0,2300,5600,2500.0,2500.0,2400.0
464,2011-08-23,2500.0,0,0,2500.0,2500.0,2500.0
465,2011-08-22,2600.0,0,0,2700.0,2700.0,2600.0
466,2011-08-19,2500.0,0,0,2500.0,2500.0,2500.0
467,2011-08-18,2500.0,0,0,2500.0,2500.0,2500.0
468,2011-08-17,2700.0,0,0,2700.0,2700.0,2700.0
469,2011-08-16,2500.0,0,0,2700.0,2700.0,2500.0
470,2011-08-15,2500.0,100,250000,2500.0,2500.0,2500.0
471,2011-08-12,2700.0,200,540000,2700.0,2700.0,2700.0
472,2011-08-11,2700.0,100,270000,2700.0,2700.0,2700.0
473,2011-08-10,2500.0,200,500000,2500.0,2500.0,2500.0
474,2011-08-09,2700.0,100,270000,2700.0,2700.0,2700.0
475,2011-08-08,2900.0,100,290000,2900.0,2900.0,2900.0
476,2011-08-05,2700.0,10000,26570000,2600.0,2700.0,2600.0
477,2011-08-04,2500.0,200,500000,2500.0,2500.0,2500.0
478,2011-08-03,2500.0,900,2250000,2500.0,2500.0,2500.0
479,2011-08-02,2700.0,0,0,2700.0,2700.0,2700.0
480,2011-08-01,2700.0,100,270000,2700.0,2700.0,2700.0
481,2011-07-29,2700.0,0,0,2500.0,2500.0,2500.0
482,2011-07-28,2700.0,0,0,2500.0,2500.0,2500.0
483,2011-07-27,2700.0,3500,8850000,2500.0,2700.0,2500.0
484,2011-07-26,2500.0,1500,3750000,2500.0,2500.0,2500.0
485,2011-07-25,2700.0,0,0,2700.0,2700.0,2700.0
486,2011-07-22,2700.0,4000,10800000,2700.0,2700.0,2700.0
487,2011-07-21,2900.0,100,290000,2900.0,2900.0,2900.0
488,2011-07-20,3200.0,0,0,3200.0,3200.0,3200.0
489,2011-07-19,3200.0,0,0,3200.0,3200.0,3200.0
490,2011-07-18,3200.0,1000,3200000,3200.0,3200.0,3200.0
491,2011-07-14,3300.0,0,0,3500.0,3500.0,3500.0
492,2011-07-13,3300.0,0,0,3500.0,3500.0,3500.0
493,2011-07-12,3300.0,0,0,3500.0,3500.0,3500.0
494,2011-07-11,3300.0,0,0,3500.0,3500.0,3500.0
495,2011-07-08,3300.0,0,0,3500.0,3500.0,3500.0
496,2011-07-07,3300.0,0,0,3500.0,3500.0,3500.0
497,2011-07-06,3300.0,200,690000,3600.0,3600.0,3300.0
498,2011-07-05,3300.0,2200,7260000,3300.0,3300.0,3300.0
499,2011-07-04,3200.0,1000,3200000,3200.0,3200.0,3200.0
500,2011-07-01,3100.0,200,620000,3100.0,3100.0,3100.0
501,2011-06-30,3000.0,7000,21200000,3100.0,3100.0,3000.0
502,2011-06-29,2900.0,500,1450000,2900.0,2900.0,2900.0
503,2011-06-28,2900.0,7500,20260000,2700.0,2900.0,2600.0
504,2011-06-27,2800.0,5000,14000000,2800.0,2800.0,2800.0
505,2011-06-24,3100.0,11900,36300000,3100.0,3300.0,3000.0
506,2011-06-23,3300.0,300,990000,3300.0,3300.0,3300.0
507,2011-06-22,3300.0,100,330000,3300.0,3300.0,3300.0
508,2011-06-21,3200.0,9800,31360000,3200.0,3200.0,3200.0
509,2011-06-20,3300.0,1200,3860000,3200.0,3300.0,3200.0
510,2011-06-17,3100.0,5000,15800000,3200.0,3200.0,3100.0
511,2011-06-16,3300.0,7600,25080000,3300.0,3300.0,3300.0
512,2011-06-15,3400.0,6800,22620000,3300.0,3400.0,3300.0
513,2011-06-14,3300.0,4000,13490000,3900.0,3900.0,3300.0
514,2011-06-13,3800.0,1200,4350000,3500.0,3800.0,3500.0
515,2011-06-10,3700.0,1000,3830000,4000.0,4000.0,3700.0
516,2011-06-09,3700.0,100,370000,3700.0,3700.0,3700.0
517,2011-06-08,3300.0,1400,4800000,3900.0,3900.0,3300.0
518,2011-06-07,3600.0,200,720000,3600.0,3600.0,3600.0
519,2011-06-06,3600.0,1000,3600000,3600.0,3600.0,3600.0
520,2011-06-03,4000.0,0,0,4000.0,4000.0,4000.0
521,2011-06-02,4000.0,100,400000,4000.0,4000.0,4000.0
522,2011-06-01,3700.0,0,0,3700.0,3700.0,3700.0
523,2011-05-31,3700.0,2000,7400000,3700.0,3700.0,3700.0
524,2011-05-30,3700.0,6100,25150000,4500.0,4500.0,3700.0
525,2011-05-27,4100.0,1200,4920000,4100.0,4100.0,4100.0
526,2011-05-26,4500.0,1000,4500000,4500.0,4500.0,4500.0
527,2011-05-25,4900.0,300,1470000,4900.0,4900.0,4900.0
528,2011-05-24,4900.0,100,490000,4900.0,4900.0,4900.0
529,2011-05-23,5300.0,0,0,5300.0,5300.0,5300.0
530,2011-05-20,5300.0,0,0,5300.0,5300.0,5300.0
531,2011-05-19,5300.0,200,1060000,5300.0,5300.0,5300.0
532,2011-05-18,4500.0,200,980000,5300.0,5300.0,4500.0
533,2011-05-17,4800.0,1000,4900000,5800.0,5800.0,4800.0
534,2011-05-16,5300.0,100,530000,5300.0,5300.0,5300.0
535,2011-05-13,4900.0,2300,11350000,5700.0,5700.0,4900.0
536,2011-05-12,5400.0,0,0,5400.0,5400.0,5400.0
537,2011-05-11,5400.0,0,0,5400.0,5400.0,5400.0
538,2011-05-10,5400.0,100,540000,5400.0,5400.0,5400.0
539,2011-05-09,6000.0,100,600000,6000.0,6000.0,6000.0
540,2011-05-06,5900.0,900,5100000,5200.0,5900.0,5200.0
541,2011-05-05,5700.0,400,2280000,5700.0,5700.0,5700.0
542,2011-05-04,5700.0,3100,17700000,6000.0,6000.0,5700.0
543,2011-04-29,5700.0,100,570000,5700.0,5700.0,5700.0
544,2011-04-28,5400.0,0,0,5400.0,5400.0,5400.0
545,2011-04-27,5400.0,100,540000,5400.0,5400.0,5400.0
546,2011-04-26,6000.0,0,0,5900.0,5900.0,5900.0
547,2011-04-25,6000.0,300,1760000,5800.0,6000.0,5800.0
548,2011-04-22,5800.0,100,580000,5800.0,5800.0,5800.0
549,2011-04-21,5500.0,0,0,5600.0,5600.0,5600.0
550,2011-04-20,5500.0,1800,10000000,6500.0,6500.0,5500.0
551,2011-04-19,6000.0,0,0,6000.0,6000.0,6000.0
552,2011-04-18,6000.0,100,600000,6000.0,6000.0,6000.0
553,2011-04-15,5600.0,1000,5670000,6300.0,6300.0,5600.0
554,2011-04-14,6200.0,100,620000,6200.0,6200.0,6200.0
555,2011-04-13,5700.0,500,2850000,5700.0,5700.0,5700.0
556,2011-04-08,5700.0,200,1140000,5700.0,5700.0,5700.0
557,2011-04-07,5000.0,2100,11410000,5600.0,5600.0,5000.0
558,2011-04-06,5500.0,500,2750000,5500.0,5500.0,5500.0
559,2011-04-05,6000.0,0,0,6100.0,6100.0,6100.0
560,2011-04-04,6000.0,600,3640000,6400.0,6400.0,6000.0
561,2011-04-01,6000.0,0,0,6000.0,6000.0,6000.0
562,2011-03-31,6000.0,100,600000,6000.0,6000.0,6000.0
563,2011-03-30,6200.0,0,0,6200.0,6200.0,6200.0
564,2011-03-29,6200.0,1000,6240000,6600.0,6600.0,6200.0
565,2011-03-28,6000.0,0,0,6300.0,6300.0,6300.0
566,2011-03-25,6000.0,200,1260000,6600.0,6600.0,6000.0
567,2011-03-24,6000.0,0,0,6000.0,6000.0,6000.0
568,2011-03-23,6000.0,1300,7800000,6000.0,6000.0,6000.0
569,2011-03-22,6600.0,0,0,6600.0,6600.0,6600.0
570,2011-03-21,6600.0,100,660000,6600.0,6600.0,6600.0
571,2011-03-18,6200.0,1000,6200000,6200.0,6200.0,6200.0
572,2011-03-17,6700.0,100,670000,6700.0,6700.0,6700.0
573,2011-03-16,6200.0,0,0,6200.0,6200.0,6200.0
574,2011-03-15,6200.0,200,1240000,6200.0,6200.0,6200.0
575,2011-03-14,6500.0,300,2050000,7000.0,7000.0,6500.0
576,2011-03-11,6600.0,500,3260000,6500.0,6600.0,6500.0
577,2011-03-10,6000.0,5700,34140000,5900.0,6000.0,5900.0
578,2011-03-09,5500.0,600,3300000,5500.0,5500.0,5500.0
579,2011-03-08,6100.0,0,0,6100.0,6100.0,6100.0
580,2011-03-07,6100.0,700,4280000,6200.0,6200.0,6100.0
581,2011-03-04,5700.0,0,0,5700.0,5700.0,5700.0
582,2011-03-03,5700.0,200,1140000,5700.0,5700.0,5700.0
583,2011-03-02,5700.0,3100,17670000,5700.0,5700.0,5700.0
584,2011-03-01,6000.0,700,4440000,6000.0,6800.0,6000.0
585,2011-02-28,6600.0,500,3300000,6600.0,6600.0,6600.0
586,2011-02-25,6800.0,0,0,6800.0,6800.0,6800.0
587,2011-02-24,6800.0,200,1360000,6800.0,6800.0,6800.0
588,2011-02-23,7000.0,100,700000,7000.0,7000.0,7000.0
589,2011-02-22,6500.0,4100,26680000,6600.0,6600.0,6500.0
590,2011-02-21,7100.0,0,0,7200.0,7200.0,7200.0
591,2011-02-18,7100.0,900,6480000,7400.0,7400.0,7100.0
592,2011-02-17,6800.0,200,1360000,6800.0,6800.0,6800.0
593,2011-02-16,7500.0,200,1500000,7500.0,7500.0,7500.0
594,2011-02-15,7900.0,0,0,7900.0,7900.0,7900.0
595,2011-02-14,7900.0,200,1580000,7900.0,7900.0,7900.0
596,2011-02-11,7500.0,600,4500000,7500.0,7500.0,7500.0
597,2011-02-10,7300.0,200,1450000,7200.0,7300.0,7200.0
598,2011-02-09,7900.0,0,0,7900.0,7900.0,7900.0
599,2011-02-08,7900.0,400,3160000,7900.0,7900.0,7900.0
600,2011-01-28,7800.0,500,3960000,7900.0,8000.0,7800.0
601,2011-01-27,7800.0,100,780000,7800.0,7800.0,7800.0
602,2011-01-25,7700.0,100,770000,7700.0,7700.0,7700.0
603,2011-01-24,7700.0,700,5400000,7800.0,7800.0,7700.0
604,2011-01-21,7600.0,2800,21270000,7500.0,7600.0,7500.0
605,2011-01-20,7400.0,3400,25410000,7800.0,7800.0,7400.0
606,2011-01-18,7600.0,800,6130000,7200.0,8100.0,7200.0
607,2011-01-17,8000.0,300,2400000,8000.0,8000.0,8000.0
608,2011-01-14,7500.0,1500,11030000,7200.0,7500.0,7200.0
609,2011-01-13,7700.0,2500,20000000,8200.0,8200.0,7700.0
610,2011-01-12,8400.0,300,2470000,8100.0,8400.0,8100.0
611,2011-01-11,7600.0,700,5390000,7900.0,7900.0,7600.0
612,2011-01-10,7700.0,1300,10240000,8000.0,8000.0,7700.0
613,2011-01-07,8200.0,1100,8820000,8000.0,8200.0,8000.0
614,2011-01-06,8200.0,300,2410000,7300.0,8600.0,7300.0
615,2011-01-05,8100.0,3600,29220000,8200.0,8200.0,8100.0
616,2011-01-04,8400.0,3000,25000000,8200.0,8400.0,8200.0
617,2010-12-31,8300.0,1500,12350000,8300.0,8300.0,8200.0
618,2010-12-30,8200.0,5600,46020000,8200.0,8300.0,8200.0
619,2010-12-29,8200.0,3000,24600000,8200.0,8200.0,8200.0
620,2010-12-28,8300.0,2500,21050000,8300.0,8500.0,8300.0
621,2010-12-27,7900.0,3600,29900000,8300.0,8500.0,7900.0
622,2010-12-24,8300.0,4600,38280000,8400.0,8400.0,8300.0
623,2010-12-23,8500.0,1800,15320000,8500.0,8700.0,8300.0
624,2010-12-22,8400.0,2800,23760000,8600.0,8600.0,8400.0
625,2010-12-21,8400.0,1600,13440000,8400.0,8400.0,8400.0
626,2010-12-20,8200.0,3600,29820000,8500.0,8500.0,8200.0
627,2010-12-17,8800.0,2700,23490000,8000.0,9100.0,8000.0
628,2010-12-16,8200.0,4600,38400000,8700.0,8700.0,8200.0
629,2010-12-15,9000.0,2800,25250000,9100.0,9100.0,9000.0
630,2010-12-14,9100.0,4400,40080000,9400.0,9400.0,9100.0
631,2010-12-13,9700.0,7500,70500000,9400.0,9700.0,9100.0
632,2010-12-10,9100.0,13800,125040000,8900.0,9200.0,8900.0
633,2010-12-09,8800.0,3300,28500000,8500.0,8800.0,8500.0
634,2010-12-08,9200.0,100,920000,9200.0,9200.0,9200.0
635,2010-12-07,8300.0,5100,43600000,9000.0,9000.0,8300.0
636,2010-12-06,8800.0,10400,94720000,9000.0,9800.0,8800.0
637,2010-12-03,9400.0,55400,517640000,9000.0,9400.0,8800.0
638,2010-12-02,8700.0,9300,79820000,8500.0,8700.0,7900.0
639,2010-12-01,8500.0,2600,22700000,8800.0,8800.0,8500.0
640,2010-11-30,8600.0,7500,66360000,8900.0,9700.0,8400.0
641,2010-11-26,8800.0,0,0,9100.0,9100.0,9100.0
642,2010-11-25,8800.0,300,2720000,9200.0,9200.0,8800.0
643,2010-11-24,8500.0,300,2630000,8900.0,8900.0,8500.0
644,2010-11-23,8500.0,3200,26280000,8100.0,8500.0,8100.0
645,2010-11-22,8900.0,0,0,8900.0,8900.0,8900.0
646,2010-11-19,8900.0,200,1780000,8900.0,8900.0,8900.0
647,2010-11-18,8300.0,400,3460000,9000.0,9000.0,8300.0
648,2010-11-17,8300.0,0,0,8300.0,8300.0,8300.0
649,2010-11-16,8300.0,100,830000,8300.0,8300.0,8300.0
650,2010-11-15,8300.0,700,5810000,8300.0,8300.0,8300.0
651,2010-11-12,8000.0,700,5780000,8900.0,8900.0,8000.0
652,2010-11-11,8300.0,400,3480000,9100.0,9100.0,8300.0
653,2010-11-10,8100.0,12100,99930000,8200.0,8300.0,8100.0
654,2010-11-09,9000.0,300,2700000,9000.0,9000.0,9000.0
655,2010-11-08,9300.0,0,0,9500.0,9500.0,9500.0
656,2010-11-05,9300.0,300,2850000,9600.0,9600.0,9300.0
657,2010-11-04,9100.0,300,2730000,9100.0,9100.0,9100.0
658,2010-11-03,8200.0,3600,30280000,9800.0,9800.0,8200.0
659,2010-11-02,8900.0,0,0,9100.0,9100.0,9100.0
660,2010-11-01,8900.0,900,8210000,9700.0,9700.0,8900.0
661,2010-10-29,9000.0,400,3680000,9400.0,9400.0,9000.0
662,2010-10-28,9300.0,300,2790000,9300.0,9300.0,9300.0
663,2010-10-27,8700.0,1600,13950000,9000.0,9000.0,8700.0
664,2010-10-26,9900.0,5500,52310000,9000.0,10000.0,9000.0
665,2010-10-25,9200.0,500,4600000,9200.0,9200.0,9200.0
666,2010-10-22,8400.0,0,0,8600.0,8600.0,8600.0
667,2010-10-21,8400.0,9300,80220000,9200.0,9200.0,8400.0
668,2010-10-20,8300.0,2100,17620000,9800.0,9800.0,8100.0
669,2010-10-19,8900.0,0,0,9000.0,9000.0,9000.0
670,2010-10-18,8900.0,6700,60060000,9100.0,9100.0,8900.0
671,2010-10-15,9800.0,0,0,9800.0,9800.0,9800.0
672,2010-10-14,9800.0,4800,47090000,9900.0,9900.0,9700.0
673,2010-10-13,9900.0,200,1980000,9900.0,9900.0,9900.0
674,2010-10-12,9100.0,2000,18200000,9100.0,9100.0,9100.0
675,2010-10-11,9200.0,400,3880000,10200.0,10200.0,9200.0
676,2010-10-08,10000.0,200,2000000,10000.0,10000.0,10000.0
677,2010-10-07,10200.0,1600,16970000,10500.0,11200.0,10200.0
678,2010-10-06,10000.0,400,4090000,10300.0,10300.0,10000.0
679,2010-10-05,10000.0,1000,10000000,10000.0,10000.0,10000.0
680,2010-10-04,9100.0,500,4550000,9100.0,9100.0,9100.0
681,2010-10-01,9900.0,300,2970000,9900.0,9900.0,9900.0
682,2010-09-30,10200.0,0,0,10200.0,10200.0,10200.0
683,2010-09-29,10200.0,0,0,10200.0,10200.0,10200.0
684,2010-09-28,10500.0,3500,35850000,10100.0,10600.0,10100.0
685,2010-09-27,10100.0,2700,27340000,10100.0,10200.0,10100.0
686,2010-09-24,10000.0,10400,106360000,10000.0,10500.0,9900.0
687,2010-09-23,9900.0,4200,42380000,10600.0,10600.0,9900.0
688,2010-09-22,10000.0,1200,11960000,10000.0,10000.0,9800.0
689,2010-09-21,10200.0,3500,36480000,10600.0,10600.0,10000.0
690,2010-09-20,9600.0,2500,24280000,11000.0,11000.0,9600.0
691,2010-09-17,10200.0,10100,102630000,9600.0,10200.0,9600.0
692,2010-09-16,9300.0,1800,16760000,9300.0,9500.0,9300.0
693,2010-09-15,9100.0,2200,19890000,9800.0,9800.0,9000.0
694,2010-09-14,9500.0,2000,19000000,9500.0,9500.0,9500.0
695,2010-09-13,9500.0,1000,9500000,9500.0,9500.0,9500.0
696,2010-09-10,9400.0,8600,84510000,10000.0,10000.0,9400.0
697,2010-09-09,10300.0,12100,121360000,10700.0,10700.0,9100.0
698,2010-09-08,10100.0,9900,100450000,10200.0,10200.0,10100.0
699,2010-09-07,10400.0,5500,57840000,10700.0,10800.0,10400.0
700,2010-09-06,10600.0,6100,65280000,10600.0,10800.0,10600.0
701,2010-09-01,10500.0,5000,53200000,10900.0,10900.0,10500.0
702,2010-08-31,10800.0,18800,196820000,10400.0,10900.0,10400.0
703,2010-08-30,10500.0,11500,121500000,10600.0,10800.0,10400.0
704,2010-08-27,10200.0,1000,10300000,10400.0,10400.0,10200.0
705,2010-08-26,10500.0,3300,33440000,11200.0,11200.0,9300.0
706,2010-08-25,10000.0,7100,72310000,11000.0,11000.0,9900.0
707,2010-08-24,11200.0,14600,158870000,10500.0,11200.0,10300.0
708,2010-08-23,11000.0,1200,13240000,11200.0,11200.0,11000.0
709,2010-08-20,11200.0,11600,127750000,11100.0,11200.0,10800.0
710,2010-08-19,10900.0,7300,79000000,10800.0,10900.0,10600.0
711,2010-08-18,10800.0,4700,51480000,11400.0,11400.0,10800.0
712,2010-08-17,11000.0,8800,95830000,10800.0,11100.0,10800.0
713,2010-08-16,11800.0,10700,126050000,11000.0,11800.0,11000.0
714,2010-08-13,11000.0,1000,11320000,11400.0,11400.0,11000.0
715,2010-08-12,10400.0,9400,98350000,10500.0,10500.0,10400.0
716,2010-08-11,11400.0,5700,65630000,11700.0,11700.0,11400.0
717,2010-08-10,10300.0,1200,13760000,11700.0,11700.0,10300.0
718,2010-08-09,11500.0,30500,344650000,10500.0,11600.0,10500.0
719,2010-08-06,11600.0,13500,155800000,11600.0,11600.0,11500.0
720,2010-08-05,11000.0,11300,124350000,11000.0,11100.0,11000.0
721,2010-08-04,11000.0,6500,72370000,11900.0,11900.0,11000.0
722,2010-08-03,11700.0,11400,127460000,11100.0,11700.0,11000.0
723,2010-08-02,11500.0,800,9400000,11900.0,11900.0,11500.0
724,2010-07-30,11300.0,24100,270940000,11300.0,11800.0,11100.0
725,2010-07-29,11100.0,14200,155490000,10900.0,11600.0,10900.0
726,2010-07-28,11000.0,4300,47340000,11900.0,11900.0,10700.0
727,2010-07-27,11000.0,16500,183000000,11300.0,11300.0,11000.0
728,2010-07-26,11300.0,2400,27130000,11300.0,11400.0,11300.0
729,2010-07-23,12000.0,16800,202320000,12100.0,12200.0,12000.0
730,2010-07-22,12400.0,2500,30200000,12000.0,12400.0,12000.0
731,2010-07-21,11800.0,1900,22790000,12100.0,12100.0,11800.0
732,2010-07-20,12000.0,24600,297010000,12200.0,12200.0,12000.0
733,2010-07-19,12800.0,20800,261980000,12500.0,12900.0,12300.0
734,2010-07-16,13000.0,1500,19305000,12500.0,13000.0,12000.0
735,2010-07-15,12500.0,4550,56650000,13100.0,12500.0,12000.0
736,2010-07-14,12900.0,6380,83440000,13100.0,14400.0,12000.0
737,2010-07-13,12900.0,23000,302030000,13200.0,14500.0,11900.0
738,2010-07-12,12600.0,13760,181014000,12300.0,13500.0,11500.0
739,2010-07-09,12000.0,6500,79850000,13000.0,14300.0,11700.0
740,2010-07-08,12400.0,10790,140236000,13600.0,14900.0,12400.0
741,2010-07-07,12500.0,6010,81499000,13600.0,14900.0,12400.0
742,2010-07-06,13500.0,9000,122330000,13800.0,15100.0,13000.0
743,2010-07-05,13500.0,50310,694381000,13000.0,14000.0,13100.0
744,2010-07-02,13200.0,114260,1487352000,12000.0,13200.0,12000.0
745,2010-07-01,12000.0,46550,557110000,11500.0,12100.0,10400.0
746,2010-06-30,11100.0,3900,45000000,12300.0,12000.0,11100.0
747,2010-06-29,13800.0,4610,56538000,12600.0,13800.0,12000.0
748,2010-06-28,11800.0,17000,213840000,12400.0,13600.0,11800.0
749,2010-06-25,12300.0,8900,110440000,12400.0,13600.0,12000.0
750,2010-06-24,12400.0,13200,163860000,11400.0,12500.0,12300.0
751,2010-06-23,11600.0,6810,77887000,11600.0,12700.0,10700.0
752,2010-06-22,12000.0,12400,143330000,12000.0,12000.0,10800.0
753,2010-06-21,12000.0,12360,148249000,11800.0,12900.0,10800.0
754,2010-06-18,11300.0,12300,144820000,12400.0,13000.0,11200.0
755,2010-06-17,12700.0,23520,290991000,12400.0,13600.0,11700.0
756,2010-06-16,12300.0,5000,62100000,12200.0,12900.0,12300.0
757,2010-06-15,12000.0,5500,67000000,11900.0,13000.0,12000.0
758,2010-06-14,12000.0,3950,47160000,12200.0,12900.0,11600.0
759,2010-06-11,12300.0,1610,19633000,12100.0,13300.0,12000.0
760,2010-06-10,11800.0,3640,44021000,12300.0,13500.0,11800.0
761,2010-06-09,11900.0,3510,43100000,11900.0,13000.0,11800.0
762,2010-06-08,11800.0,5000,59700000,12000.0,12100.0,11700.0
763,2010-06-07,11800.0,2100,25290000,12000.0,12600.0,11800.0
764,2010-06-04,12500.0,15910,191226000,12400.0,13600.0,11900.0
765,2010-06-03,12700.0,5520,68710000,11900.0,13000.0,11200.0
766,2010-06-02,11700.0,15080,179451000,13000.0,13000.0,11700.0
767,2010-06-01,13900.0,4140,53994000,12700.0,13900.0,12100.0
768,2010-05-31,12000.0,7800,99210000,12800.0,14000.0,12000.0
769,2010-05-28,13500.0,14760,189330000,12800.0,14000.0,12600.0
770,2010-05-27,12700.0,5000,63760000,12300.0,13500.0,12300.0
771,2010-05-26,12300.0,18267,225257400,12100.0,12500.0,12000.0
772,2010-05-25,12100.0,24200,293980000,13400.0,14700.0,12100.0
773,2010-05-24,13400.0,100,1340000,12200.0,13400.0,13400.0
774,2010-05-21,11800.0,6050,73910000,12600.0,13800.0,11800.0
775,2010-05-20,12600.0,17080,214983000,11500.0,12600.0,11500.0
776,2010-05-19,11400.0,24250,277650000,12600.0,13800.0,11400.0
777,2010-05-18,12600.0,2600,32860000,13200.0,13300.0,12600.0
778,2010-05-17,13000.0,21400,283290000,13900.0,15200.0,12600.0
779,2010-05-14,13000.0,5200,73200000,13200.0,14500.0,13000.0
780,2010-05-13,13000.0,14400,189760000,12500.0,13700.0,12700.0
781,2010-05-12,12500.0,23300,290920000,12800.0,14000.0,11600.0
782,2010-05-11,12900.0,13260,170052000,13400.0,13400.0,12600.0
783,2010-05-10,13500.0,26630,356925000,13200.0,14500.0,13000.0
784,2010-05-07,13500.0,8140,107305000,14100.0,15000.0,13000.0
785,2010-05-06,14100.0,93350,1315085000,12900.0,14100.0,14000.0
786,2010-05-05,12900.0,32650,420095000,11800.0,12900.0,12000.0
787,2010-05-04,12000.0,55020,649656000,11700.0,12100.0,11000.0
788,2010-04-29,11600.0,12620,147150000,11800.0,11800.0,11000.0
789,2010-04-28,11600.0,18448,218186800,11100.0,12000.0,11500.0
790,2010-04-27,11100.0,2100,23220000,11100.0,11100.0,10200.0
791,2010-04-26,11300.0,12980,143796000,11200.0,11300.0,11000.0
792,2010-04-22,11200.0,16620,185840000,12000.0,12000.0,11000.0
793,2010-04-21,11400.0,12860,154198000,11200.0,12300.0,11300.0
794,2010-04-20,11200.0,7800,87600000,11000.0,11700.0,11000.0
795,2010-04-19,11000.0,16930,186860000,11500.0,11500.0,10800.0
796,2010-04-16,11600.0,59070,681762000,10600.0,11600.0,11300.0
797,2010-04-15,11000.0,10920,115690000,10600.0,11600.0,10500.0
798,2010-04-14,11000.0,17560,185436000,10600.0,11600.0,10500.0
799,2010-04-13,10800.0,18090,191608000,10800.0,10800.0,10400.0
800,2010-04-12,11200.0,4700,50970000,10200.0,11200.0,10400.0
801,2010-04-09,10000.0,5000,51210000,10300.0,10400.0,10000.0
802,2010-04-08,11000.0,35260,364922000,10000.0,11000.0,10000.0
803,2010-04-07,10600.0,29890,297963000,9700.0,10600.0,9700.0
804,2010-04-06,9800.0,24000,232900000,9700.0,9800.0,9600.0
805,2010-04-05,9600.0,10800,104680000,9000.0,9700.0,9600.0
806,2010-04-02,9000.0,20,180000,9900.0,9000.0,9000.0
807,2010-04-01,9800.0,11360,112100000,9800.0,10100.0,9800.0
808,2010-03-31,9800.0,0,0,9800.0,9800.0,9800.0
809,2010-03-30,9800.0,12050,118140000,9900.0,10800.0,9800.0
810,2010-03-29,9800.0,5450,53900000,9900.0,10000.0,9700.0
811,2010-03-26,9900.0,1340,13300000,9700.0,10000.0,9900.0
812,2010-03-25,9700.0,1000,9700000,10000.0,9700.0,9700.0
813,2010-03-24,9900.0,51200,511780000,9700.0,10000.0,9800.0
814,2010-03-23,9700.0,6200,60240000,9800.0,9800.0,9700.0
815,2010-03-22,9900.0,5300,51870000,9000.0,9900.0,9500.0
816,2010-03-19,9000.0,500,4500000,10000.0,9000.0,9000.0
817,2010-03-18,10200.0,58650,585375000,9700.0,10200.0,9700.0
818,2010-03-17,9800.0,17800,172390000,9100.0,9800.0,9600.0
819,2010-03-16,8400.0,2500,22800000,9300.0,9600.0,8400.0
820,2010-03-15,9300.0,7000,64900000,8700.0,9500.0,7900.0
821,2010-03-12,9500.0,1150,10025000,9500.0,9500.0,8600.0
822,2010-03-11,9500.0,1550,14740000,9000.0,9800.0,9500.0
823,2010-03-10,9500.0,5600,50540000,9100.0,9500.0,8200.0
824,2010-03-09,8700.0,5300,48120000,9600.0,9600.0,8700.0
825,2010-03-08,9700.0,19658,188674600,9200.0,10100.0,8300.0
826,2010-03-05,9400.0,26500,244300000,8600.0,9400.0,7800.0
827,2010-03-04,9700.0,6550,56200000,9100.0,10000.0,8200.0
828,2010-03-03,9700.0,9000,81950000,9100.0,10000.0,8200.0
829,2010-03-02,9500.0,8710,79175000,9200.0,10100.0,8300.0
830,2010-03-01,9600.0,8400,77380000,9500.0,9600.0,8600.0
831,2010-02-26,9500.0,4228,40228800,9500.0,9700.0,9500.0
832,2010-02-25,9500.0,3000,28500000,9500.0,9500.0,9500.0
833,2010-02-24,9500.0,16700,158960000,9500.0,9800.0,9500.0
834,2010-02-23,9500.0,5930,56450000,10000.0,10000.0,9500.0
835,2010-02-22,10000.0,1000,10000000,9900.0,10000.0,10000.0
836,2010-02-12,9900.0,2000,19800000,9800.0,9900.0,9900.0
837,2010-02-11,9100.0,9200,89965000,9600.0,10500.0,9100.0
838,2010-02-10,9600.0,1000,9600000,10100.0,9600.0,9600.0
839,2010-02-09,10100.0,0,0,10100.0,10100.0,10100.0
840,2010-02-08,10000.0,3300,33180000,9800.0,10200.0,9900.0
841,2010-02-05,9800.0,0,0,9800.0,9800.0,9800.0
842,2010-02-04,9700.0,19950,194985000,9700.0,10000.0,9100.0
843,2010-02-03,9700.0,18700,181560000,9700.0,9800.0,9700.0
844,2010-02-02,9700.0,8150,78735000,9700.0,9700.0,9500.0
845,2010-02-01,9700.0,10300,99910000,9700.0,9700.0,9700.0
846,2010-01-29,9800.0,5010,48598000,9600.0,9800.0,9700.0
847,2010-01-28,9600.0,0,0,9600.0,9600.0,9600.0
848,2010-01-27,9500.0,280,2700000,10000.0,10000.0,9500.0
849,2010-01-26,10000.0,5000,50000000,10000.0,10000.0,10000.0
850,2010-01-25,9900.0,9000,89700000,10000.0,10000.0,9900.0
851,2010-01-22,10000.0,100,1000000,9600.0,10000.0,10000.0
852,2010-01-21,9600.0,14100,135250000,10100.0,10000.0,9500.0
853,2010-01-20,10200.0,17480,176426000,10000.0,10200.0,10000.0
854,2010-01-19,10000.0,1000,10000000,9600.0,10000.0,10000.0
855,2010-01-18,9600.0,100,960000,10000.0,9600.0,9600.0
856,2010-01-15,10000.0,0,0,10000.0,10000.0,10000.0
857,2010-01-14,9800.0,950,9470000,9800.0,10000.0,9800.0
858,2010-01-13,9800.0,500,4900000,9800.0,9800.0,9800.0
859,2010-01-12,9500.0,7034,68729800,9900.0,9900.0,9500.0
860,2010-01-11,10000.0,7200,71100000,9700.0,10000.0,9700.0
861,2010-01-08,9700.0,31228,302911600,8900.0,9700.0,9700.0
862,2010-01-07,9100.0,1330,11863000,9000.0,9100.0,8100.0
863,2010-01-06,9000.0,270,2430000,10000.0,9000.0,9000.0
864,2010-01-05,10000.0,100,1000000,9600.0,10000.0,10000.0
865,2010-01-04,9600.0,6440,61772000,8800.0,9600.0,9000.0
866,2009-12-31,8800.0,570,5022000,9200.0,10000.0,8500.0
867,2009-12-30,9100.0,380,3508000,9100.0,9600.0,9100.0
868,2009-12-29,9100.0,0,0,9100.0,9100.0,9100.0
869,2009-12-28,9100.0,3450,31295000,9100.0,9100.0,9000.0
870,2009-12-25,9000.0,2400,21800000,9000.0,9200.0,9000.0
871,2009-12-24,9000.0,2500,22500000,9000.0,9000.0,9000.0
872,2009-12-23,9000.0,6000,54000000,9900.0,9000.0,9000.0
873,2009-12-22,9900.0,1010,10004000,9500.0,10400.0,9900.0
874,2009-12-21,9500.0,0,0,9500.0,9500.0,9500.0
875,2009-12-18,9000.0,0,0,9000.0,9000.0,9000.0
876,2009-12-17,9000.0,10,90000,8300.0,9000.0,9000.0
877,2009-12-16,8300.0,1700,14110000,9200.0,8300.0,8300.0
878,2009-12-15,9200.0,1000,9200000,9200.0,9200.0,9200.0
879,2009-12-14,9200.0,700,6470000,9000.0,9500.0,9200.0
880,2009-12-11,8900.0,3020,27078000,9200.0,9000.0,8900.0
881,2009-12-10,9200.0,0,0,9200.0,9200.0,9200.0
882,2009-12-09,9200.0,0,0,9200.0,9200.0,9200.0
883,2009-12-08,9900.0,1010,9299000,9000.0,9900.0,9200.0
884,2009-12-07,8100.0,210,1881000,9000.0,9000.0,8100.0
885,2009-12-04,9000.0,14000,126000000,9000.0,9000.0,9000.0
886,2009-12-03,9000.0,1000,9000000,9500.0,9000.0,9000.0
887,2009-12-02,9500.0,0,0,9500.0,9500.0,9500.0
888,2009-12-01,9500.0,0,0,9500.0,9500.0,9500.0
889,2009-11-30,9500.0,2000,19040000,9200.0,9900.0,9500.0
890,2009-11-27,9400.0,4010,36990000,10000.0,9400.0,9000.0
891,2009-11-26,10000.0,0,0,10000.0,10000.0,10000.0
892,2009-11-25,10000.0,10,100000,9400.0,10000.0,10000.0
893,2009-11-24,9300.0,2000,18700000,10300.0,9400.0,9300.0
894,2009-11-23,10300.0,0,0,10300.0,10300.0,10300.0
895,2009-11-20,10300.0,110,1129000,9400.0,10300.0,9900.0
896,2009-11-19,9500.0,1600,15040000,8700.0,9500.0,7900.0
897,2009-11-18,9800.0,150,1310000,9100.0,9800.0,8200.0
898,2009-11-17,11000.0,160,1460000,10000.0,11000.0,9000.0
899,2009-11-16,10000.0,1000,10000000,10500.0,10000.0,10000.0
900,2009-11-13,10500.0,250,2625000,10100.0,10500.0,10500.0
901,2009-11-12,10000.0,4000,40300000,10200.0,10200.0,10000.0
902,2009-11-11,10200.0,10200,103600000,9400.0,10300.0,10000.0
903,2009-11-10,9100.0,70,660000,10000.0,11000.0,9100.0
904,2009-11-09,11900.0,3560,35464000,10900.0,11900.0,9900.0
905,2009-11-06,10900.0,2032,22167200,11200.0,12300.0,10100.0
906,2009-11-05,11200.0,10,112000,12400.0,11200.0,11200.0
907,2009-11-04,12400.0,200,2480000,11300.0,12400.0,12400.0
908,2009-11-03,12000.0,1600,18030000,12200.0,11300.0,11200.0
909,2009-11-02,12200.0,2000,24400000,11400.0,12200.0,12200.0
910,2009-10-30,12200.0,1000,11500000,10500.0,11500.0,11500.0
911,2009-10-29,11500.0,0,0,11500.0,11500.0,11500.0
912,2009-10-28,11000.0,550,6320000,12000.0,12000.0,11000.0
913,2009-10-27,10500.0,3600,41450000,11600.0,11600.0,10500.0
914,2009-10-26,12000.0,3138,36544000,11700.0,12000.0,11500.0
915,2009-10-23,11600.0,8900,104040000,12200.0,12000.0,11500.0
916,2009-10-22,12000.0,18600,226400000,13000.0,13500.0,11800.0
917,2009-10-21,13500.0,3030,39405000,13400.0,13500.0,12500.0
918,2009-10-20,13200.0,15100,202930000,13400.0,14500.0,13200.0
919,2009-10-19,13000.0,4107,55422100,13200.0,14300.0,13200.0
920,2009-10-16,13100.0,19600,259348000,12300.0,13500.0,12300.0
921,2009-10-15,12300.0,29040,357192000,11200.0,12300.0,12300.0
922,2009-10-14,11200.0,53320,595374000,10200.0,11200.0,10200.0
923,2009-10-13,10600.0,36850,374790000,9700.0,10600.0,9500.0
924,2009-10-12,9700.0,11100,107390000,9900.0,9900.0,9600.0
925,2009-10-09,10000.0,4410,43673000,9400.0,10000.0,8500.0
926,2009-10-08,9100.0,14510,136761000,9500.0,9900.0,8600.0
927,2009-10-07,9500.0,2000,19000000,9400.0,9500.0,9500.0
928,2009-10-06,9500.0,5650,53185000,8900.0,9700.0,9300.0
929,2009-10-05,9200.0,4000,35700000,9500.0,9300.0,8600.0
930,2009-10-02,9600.0,5000,47700000,10000.0,9600.0,9500.0
931,2009-10-01,10000.0,9400,93900000,9800.0,10300.0,9500.0
932,2009-09-30,10000.0,2890,28342000,9800.0,10000.0,9800.0
933,2009-09-29,9500.0,13500,132100000,10000.0,10500.0,9500.0
934,2009-09-28,11000.0,8120,81190000,10000.0,11000.0,9500.0
935,2009-09-25,10000.0,13800,138150000,10000.0,10100.0,9900.0
936,2009-09-24,10000.0,230,2300000,9800.0,10000.0,10000.0
937,2009-09-23,9800.0,1350,13230000,9900.0,9800.0,9800.0
938,2009-09-22,9500.0,23600,233747000,10000.0,11000.0,9500.0
939,2009-09-21,10000.0,9020,90196000,9800.0,10200.0,9700.0
940,2009-09-18,10000.0,11520,113100000,9800.0,10000.0,9600.0
941,2009-09-17,9500.0,5480,53974000,10100.0,11100.0,9500.0
942,2009-09-16,9800.0,23920,241162000,9500.0,10400.0,9500.0
943,2009-09-15,9300.0,2620,24932000,9000.0,9900.0,9300.0
944,2009-09-14,8800.0,5540,49776000,9500.0,9400.0,8800.0
945,2009-09-11,9300.0,8050,76756000,9400.0,10300.0,9100.0
946,2009-09-10,9300.0,2412,22742600,9900.0,9500.0,9200.0
947,2009-09-09,9700.0,930,9177000,9200.0,10100.0,8300.0
948,2009-09-08,9100.0,4950,45544000,9100.0,10000.0,9000.0
949,2009-09-07,9100.0,17480,158568000,9100.0,9100.0,9000.0
950,2009-09-04,9100.0,2010,18305000,9600.0,10500.0,9100.0
951,2009-09-03,9600.0,2000,19200000,9800.0,9600.0,9600.0
952,2009-09-01,9600.0,9020,88248000,9600.0,10000.0,9400.0
953,2009-08-31,9800.0,28080,270093000,9000.0,9900.0,9100.0
954,2009-08-28,9000.0,5100,45900000,9000.0,9000.0,9000.0
955,2009-08-27,9000.0,35160,317605000,9400.0,10300.0,9000.0
956,2009-08-26,9000.0,19500,182650000,9500.0,9500.0,9000.0
957,2009-08-25,9600.0,4151,39355300,9400.0,10300.0,9400.0
958,2009-08-24,9600.0,3400,32060000,9600.0,9600.0,9100.0
959,2009-08-21,9500.0,1159,11109800,9300.0,10200.0,9000.0
960,2009-08-20,9300.0,1000,9300000,9500.0,9300.0,9300.0
961,2009-08-19,9500.0,3350,31930000,9700.0,10000.0,9500.0
962,2009-08-18,9800.0,4200,40872000,9500.0,9900.0,9500.0
963,2009-08-17,9500.0,0,0,9500.0,9500.0,9500.0
964,2009-08-14,9500.0,3722,35348000,9900.0,9500.0,9000.0
965,2009-08-13,9900.0,830,8217000,9100.0,9900.0,9900.0
966,2009-08-12,9000.0,4700,42600000,9200.0,9200.0,9000.0
967,2009-08-11,9200.0,3410,31250000,10000.0,11000.0,9100.0
968,2009-08-10,9800.0,191110,1917327000,9200.0,10100.0,9500.0
969,2009-08-07,9500.0,0,0,9500.0,9500.0,9500.0
970,2009-08-06,9500.0,13850,131925000,10500.0,10000.0,9500.0
971,2009-08-05,10000.0,420,4400000,10600.0,10500.0,10000.0
972,2009-08-04,10600.0,10,106000,9700.0,10600.0,10600.0
973,2009-08-03,9400.0,1200,11602000,10300.0,11000.0,9300.0
974,2009-07-31,10300.0,3940,40523000,9500.0,10400.0,10000.0
975,2009-07-30,9500.0,19310,183615000,10500.0,9600.0,9500.0
976,2009-07-29,10500.0,2330,24530000,11600.0,11000.0,10500.0
977,2009-07-28,9900.0,78548,908179000,10900.0,11900.0,9900.0
978,2009-07-27,10200.0,6979,76355500,11000.0,12100.0,9900.0
979,2009-07-24,10500.0,24850,274370000,10800.0,11800.0,10500.0
