"Ngày","Lần cuối","Mở","Cao","Thấp","KL","% Thay đổi"
"05/05/2020","2,340.0","2,160.0","2,350.0","2,160.0","341.60K","0.86%"
"04/05/2020","2,320.0","2,400.0","2,480.0","2,320.0","1.29M","-6.83%"
"29/04/2020","2,490.0","2,460.0","2,520.0","2,400.0","2.42M","5.51%"
"28/04/2020","2,360.0","2,350.0","2,390.0","2,300.0","495.51K","-0.42%"
"27/04/2020","2,370.0","2,310.0","2,420.0","2,300.0","1.82M","4.41%"
"24/04/2020","2,270.0","2,120.0","2,270.0","2,110.0","842.10K","6.57%"
"23/04/2020","2,130.0","2,190.0","2,190.0","2,130.0","172.99K","0.47%"
"22/04/2020","2,120.0","2,070.0","2,190.0","2,030.0","577.39K","0.00%"
"21/04/2020","2,120.0","2,200.0","2,250.0","2,110.0","809.71K","-6.19%"
"20/04/2020","2,260.0","2,340.0","2,400.0","2,260.0","511.02K","-1.74%"
"17/04/2020","2,300.0","2,150.0","2,300.0","2,150.0","1.84M","6.98%"
"16/04/2020","2,150.0","2,100.0","2,150.0","2,070.0","424.33K","0.47%"
"15/04/2020","2,140.0","2,090.0","2,150.0","2,050.0","477.41K","2.39%"
"14/04/2020","2,090.0","2,160.0","2,180.0","2,070.0","411.60K","-4.57%"
"13/04/2020","2,190.0","2,160.0","2,310.0","2,160.0","825.67K","1.39%"
"10/04/2020","2,160.0","2,020.0","2,160.0","2,000.0","1.56M","6.93%"
"09/04/2020","2,020.0","2,070.0","2,080.0","2,020.0","402.90K","-0.98%"
"08/04/2020","2,040.0","1,970.0","2,090.0","1,970.0","216.49K","-0.49%"
"07/04/2020","2,050.0","2,100.0","2,160.0","2,050.0","414.48K","-6.82%"
"06/04/2020","2,200.0","2,110.0","2,200.0","2,000.0","458.81K","5.77%"
"03/04/2020","2,080.0","2,000.0","2,120.0","2,000.0","226.62K","4.52%"
"01/04/2020","1,990.0","1,890.0","1,990.0","1,870.0","438.39K","6.99%"
"31/03/2020","1,860.0","1,900.0","2,040.0","1,860.0","646.08K","-3.13%"
"30/03/2020","1,920.0","2,000.0","2,000.0","1,920.0","1.01M","-6.80%"
"27/03/2020","2,060.0","2,030.0","2,060.0","2,000.0","292.66K","0.49%"
"26/03/2020","2,050.0","2,060.0","2,110.0","2,030.0","169.39K","-3.30%"
"25/03/2020","2,120.0","2,160.0","2,260.0","2,040.0","259.70K","-1.85%"
"24/03/2020","2,160.0","1,930.0","2,160.0","1,930.0","942.86K","6.93%"
"23/03/2020","2,020.0","2,020.0","2,140.0","2,000.0","1.04M","-5.61%"
"20/03/2020","2,140.0","2,140.0","2,260.0","2,140.0","866.01K","-6.96%"
"19/03/2020","2,300.0","2,640.0","2,640.0","2,300.0","2.82M","-6.88%"
"18/03/2020","2,470.0","2,470.0","2,470.0","2,470.0","479.65K","6.93%"
"17/03/2020","2,310.0","2,300.0","2,310.0","2,250.0","1.17M","6.94%"
"16/03/2020","2,160.0","2,160.0","2,160.0","2,150.0","745.99K","6.93%"
"13/03/2020","2,020.0","1,760.0","2,020.0","1,760.0","1.11M","6.88%"
"12/03/2020","1,890.0","1,880.0","2,000.0","1,880.0","1.55M","-6.44%"
"11/03/2020","2,020.0","2,140.0","2,160.0","2,000.0","410.58K","-2.88%"
"10/03/2020","2,080.0","1,940.0","2,170.0","1,940.0","397.99K","0.48%"
"09/03/2020","2,070.0","2,070.0","2,080.0","2,070.0","817.51K","-6.76%"
"06/03/2020","2,220.0","2,150.0","2,220.0","2,090.0","351.61K","0.91%"
"05/03/2020","2,200.0","2,420.0","2,420.0","2,150.0","593.08K","-3.51%"
"04/03/2020","2,280.0","2,140.0","2,280.0","2,000.0","943.86K","6.54%"
"03/03/2020","2,140.0","2,100.0","2,180.0","2,060.0","702.64K","3.38%"
"02/03/2020","2,070.0","2,100.0","2,100.0","2,010.0","268.09K","0.00%"
"28/02/2020","2,070.0","2,120.0","2,120.0","1,980.0","320.04K","-1.43%"
"27/02/2020","2,100.0","2,080.0","2,150.0","2,060.0","194.77K","1.45%"
"26/02/2020","2,070.0","2,160.0","2,180.0","2,030.0","86.70K","-4.17%"
"25/02/2020","2,160.0","2,100.0","2,190.0","1,990.0","274.29K","2.86%"
"24/02/2020","2,100.0","2,200.0","2,200.0","2,100.0","912.70K","-6.67%"
"21/02/2020","2,250.0","2,390.0","2,390.0","2,250.0","206.09K","-2.17%"
"20/02/2020","2,300.0","2,380.0","2,430.0","2,300.0","285.42K","-3.36%"
"19/02/2020","2,380.0","2,320.0","2,450.0","2,290.0","401.22K","2.59%"
"18/02/2020","2,320.0","2,400.0","2,500.0","2,320.0","501.19K","-5.31%"
"17/02/2020","2,450.0","2,340.0","2,450.0","2,280.0","174.53K","2.08%"
"14/02/2020","2,400.0","2,260.0","2,470.0","2,260.0","321.80K","2.56%"
"13/02/2020","2,340.0","2,230.0","2,350.0","2,180.0","873.78K","6.36%"
"12/02/2020","2,200.0","2,160.0","2,230.0","2,100.0","506.76K","3.29%"
"11/02/2020","2,130.0","2,060.0","2,170.0","2,000.0","151.97K","0.47%"
"10/02/2020","2,120.0","2,100.0","2,160.0","2,020.0","300.49K","-2.30%"
"07/02/2020","2,170.0","2,250.0","2,260.0","2,150.0","314.10K","-1.36%"
"06/02/2020","2,200.0","2,160.0","2,200.0","2,080.0","833.01K","6.80%"
"05/02/2020","2,060.0","2,000.0","2,060.0","1,930.0","458.18K","6.74%"
"04/02/2020","1,930.0","2,030.0","2,110.0","1,930.0","392.87K","-4.93%"
"03/02/2020","2,030.0","2,030.0","2,120.0","2,030.0","1.75M","-6.88%"
"31/01/2020","2,180.0","2,190.0","2,310.0","2,180.0","992.02K","-6.84%"
"30/01/2020","2,340.0","2,500.0","2,500.0","2,340.0","204.88K","-6.77%"
"22/01/2020","2,510.0","2,480.0","2,510.0","2,440.0","292.67K","6.81%"
"21/01/2020","2,350.0","2,210.0","2,350.0","2,180.0","373.94K","6.82%"
"20/01/2020","2,200.0","2,300.0","2,350.0","2,170.0","633.42K","-5.58%"
"17/01/2020","2,330.0","2,530.0","2,530.0","2,330.0","413.51K","-6.80%"
"16/01/2020","2,500.0","2,670.0","2,670.0","2,500.0","272.80K","-2.72%"
"15/01/2020","2,570.0","2,690.0","2,720.0","2,550.0","339.43K","-4.46%"
"14/01/2020","2,690.0","2,650.0","2,750.0","2,620.0","335.84K","-2.18%"
"13/01/2020","2,750.0","2,790.0","2,790.0","2,660.0","218.59K","-1.08%"
"10/01/2020","2,780.0","2,690.0","2,880.0","2,690.0","335.42K","-0.71%"
"09/01/2020","2,800.0","2,700.0","2,800.0","2,600.0","294.84K","5.66%"
"08/01/2020","2,650.0","2,770.0","2,830.0","2,650.0","639.05K","-6.69%"
"07/01/2020","2,840.0","2,810.0","2,940.0","2,720.0","297.73K","0.00%"
"06/01/2020","2,840.0","3,000.0","3,000.0","2,840.0","324.82K","-5.33%"
"03/01/2020","3,000.0","2,970.0","3,000.0","2,830.0","951.10K","1.01%"
"02/01/2020","2,970.0","3,010.0","3,070.0","2,940.0","344.81K","-3.57%"
"31/12/2019","3,080.0","2,860.0","3,080.0","2,800.0","238.14K","6.94%"
"30/12/2019","2,880.0","2,880.0","2,890.0","2,680.0","865.32K","0.00%"
"27/12/2019","2,880.0","2,990.0","3,050.0","2,840.0","1.77M","-5.57%"
"26/12/2019","3,050.0","3,160.0","3,160.0","2,960.0","800.81K","-3.48%"
"25/12/2019","3,160.0","3,100.0","3,230.0","3,050.0","1.49M","0.00%"
"24/12/2019","3,160.0","3,200.0","3,250.0","3,140.0","1.45M","-0.63%"
"23/12/2019","3,180.0","2,980.0","3,180.0","2,980.0","1.21M","6.71%"
"20/12/2019","2,980.0","2,740.0","2,980.0","2,740.0","1.25M","6.81%"
"19/12/2019","2,790.0","2,830.0","2,900.0","2,760.0","1.50M","-5.74%"
"18/12/2019","2,960.0","3,110.0","3,200.0","2,960.0","2.22M","-6.92%"
"17/12/2019","3,180.0","3,300.0","3,420.0","3,050.0","2.78M","-2.45%"
"16/12/2019","3,260.0","3,100.0","3,340.0","3,100.0","1.84M","4.15%"
"13/12/2019","3,130.0","3,100.0","3,250.0","3,100.0","1.47M","1.29%"
"12/12/2019","3,090.0","3,140.0","3,230.0","3,080.0","1.53M","-3.44%"
"11/12/2019","3,200.0","3,190.0","3,330.0","3,030.0","1.46M","1.59%"
"10/12/2019","3,150.0","2,950.0","3,150.0","2,950.0","1.77M","6.78%"
"09/12/2019","2,950.0","2,850.0","2,950.0","2,790.0","2.23M","6.88%"
"06/12/2019","2,760.0","2,580.0","2,760.0","2,580.0","2.30M","6.98%"
"05/12/2019","2,580.0","2,580.0","2,750.0","2,410.0","1.42M","0.00%"
"04/12/2019","2,580.0","2,560.0","2,650.0","2,490.0","726.37K","-2.64%"
"03/12/2019","2,650.0","2,520.0","2,720.0","2,390.0","1.36M","3.92%"
"02/12/2019","2,550.0","2,560.0","2,680.0","2,550.0","2.83M","-6.93%"
"29/11/2019","2,740.0","2,950.0","3,000.0","2,690.0","2.64M","-2.49%"
"28/11/2019","2,810.0","2,750.0","2,810.0","2,690.0","634.05K","6.84%"
"27/11/2019","2,630.0","2,290.0","2,630.0","2,290.0","3.95M","6.91%"
"26/11/2019","2,460.0","2,460.0","2,460.0","2,460.0","347.32K","-6.82%"
"25/11/2019","2,640.0","2,640.0","2,640.0","2,640.0","357.18K","-6.71%"
"22/11/2019","2,830.0","2,830.0","2,830.0","2,830.0","571.07K","-6.91%"
"21/11/2019","3,040.0","3,040.0","3,040.0","3,040.0","554.54K","-6.75%"
"20/11/2019","3,260.0","3,500.0","3,550.0","3,260.0","1.61M","-6.86%"
"19/11/2019","3,500.0","3,460.0","3,710.0","3,460.0","6.33M","-5.66%"
"18/11/2019","3,710.0","3,710.0","3,710.0","3,710.0","341.12K","-6.78%"
"15/11/2019","3,980.0","4,150.0","4,270.0","3,980.0","2.64M","-6.79%"
"14/11/2019","4,270.0","4,040.0","4,320.0","4,040.0","4.30M","5.69%"
"13/11/2019","4,040.0","3,890.0","4,040.0","3,800.0","5.95M","6.88%"
"12/11/2019","3,780.0","3,540.0","3,780.0","3,500.0","3.93M","6.78%"
"11/11/2019","3,540.0","3,540.0","3,550.0","3,430.0","1.85M","0.28%"
"08/11/2019","3,530.0","3,400.0","3,540.0","3,400.0","2.94M","3.82%"
"07/11/2019","3,400.0","3,440.0","3,480.0","3,400.0","1.54M","1.80%"
"06/11/2019","3,340.0","3,150.0","3,340.0","3,150.0","2.06M","5.03%"
"05/11/2019","3,180.0","3,290.0","3,350.0","3,150.0","1.05M","-3.64%"
"04/11/2019","3,300.0","3,380.0","3,460.0","3,280.0","1.60M","-1.20%"
"01/11/2019","3,340.0","3,140.0","3,350.0","2,930.0","3.27M","6.37%"
"31/10/2019","3,140.0","3,130.0","3,270.0","3,130.0","1.61M","0.32%"
"30/10/2019","3,130.0","3,100.0","3,290.0","3,090.0","1.30M","1.29%"
"29/10/2019","3,090.0","2,890.0","3,090.0","2,890.0","1.52M","6.92%"
"28/10/2019","2,890.0","2,850.0","3,040.0","2,850.0","1.67M","0.70%"
"25/10/2019","2,870.0","2,930.0","2,930.0","2,850.0","452.32K","-1.71%"
"24/10/2019","2,920.0","2,970.0","3,030.0","2,880.0","1.16M","-1.02%"
"23/10/2019","2,950.0","2,800.0","2,970.0","2,800.0","1.13M","5.36%"
"22/10/2019","2,800.0","2,630.0","2,800.0","2,620.0","1.22M","6.87%"
"21/10/2019","2,620.0","2,700.0","2,750.0","2,620.0","497.06K","-1.87%"
"18/10/2019","2,670.0","2,650.0","2,800.0","2,590.0","696.89K","1.52%"
"17/10/2019","2,630.0","2,800.0","2,800.0","2,630.0","727.64K","-5.40%"
"16/10/2019","2,780.0","2,750.0","2,790.0","2,740.0","538.01K","1.09%"
"15/10/2019","2,750.0","2,750.0","2,940.0","2,710.0","973.08K","0.00%"
"14/10/2019","2,750.0","2,750.0","2,800.0","2,710.0","846.83K","0.00%"
"11/10/2019","2,750.0","2,780.0","2,800.0","2,700.0","954.21K","-1.79%"
"10/10/2019","2,800.0","2,700.0","2,850.0","2,700.0","674.35K","3.70%"
"09/10/2019","2,700.0","2,840.0","2,840.0","2,690.0","1.05M","-2.53%"
"08/10/2019","2,770.0","2,600.0","2,770.0","2,600.0","3.00M","6.95%"
"07/10/2019","2,590.0","2,540.0","2,590.0","2,540.0","346.36K","4.02%"
"04/10/2019","2,490.0","2,390.0","2,560.0","2,390.0","718.46K","3.75%"
"03/10/2019","2,400.0","2,430.0","2,450.0","2,350.0","112.81K","-1.23%"
"02/10/2019","2,430.0","2,580.0","2,580.0","2,420.0","270.89K","-1.62%"
"01/10/2019","2,470.0","2,330.0","2,470.0","2,270.0","1.53M","6.93%"
"30/09/2019","2,310.0","2,310.0","2,380.0","2,180.0","341.61K","0.87%"
"27/09/2019","2,290.0","2,170.0","2,300.0","2,080.0","301.66K","3.15%"
"26/09/2019","2,220.0","2,300.0","2,300.0","2,220.0","205.82K","-3.48%"
"25/09/2019","2,300.0","2,250.0","2,310.0","2,200.0","162.82K","0.44%"
"24/09/2019","2,290.0","2,300.0","2,300.0","2,210.0","142.10K","1.78%"
"23/09/2019","2,250.0","2,240.0","2,290.0","2,160.0","148.10K","4.17%"
"20/09/2019","2,160.0","2,050.0","2,250.0","2,050.0","208.79K","-1.37%"
"19/09/2019","2,190.0","2,330.0","2,330.0","2,190.0","318.89K","-6.81%"
"18/09/2019","2,350.0","2,340.0","2,380.0","2,220.0","125.84K","0.43%"
"17/09/2019","2,340.0","2,400.0","2,400.0","2,300.0","452.06K","2.63%"
"16/09/2019","2,280.0","2,180.0","2,280.0","2,130.0","536.21K","6.54%"
"13/09/2019","2,140.0","2,140.0","2,170.0","2,060.0","235.92K","2.88%"
"12/09/2019","2,080.0","1,980.0","2,080.0","1,960.0","445.95K","6.67%"
"11/09/2019","1,950.0","1,820.0","1,950.0","1,820.0","294.37K","2.63%"
"10/09/2019","1,900.0","1,930.0","1,930.0","1,830.0","120.73K","0.00%"
"09/09/2019","1,900.0","1,800.0","1,900.0","1,750.0","355.23K","6.74%"
"06/09/2019","1,780.0","1,900.0","1,900.0","1,770.0","148.74K","-6.32%"
"05/09/2019","1,900.0","1,870.0","1,900.0","1,850.0","121.40K","1.06%"
"04/09/2019","1,880.0","1,880.0","1,880.0","1,700.0","129.80K","6.21%"
"03/09/2019","1,770.0","1,870.0","1,880.0","1,740.0","107.45K","-5.35%"
"30/08/2019","1,870.0","1,890.0","1,890.0","1,850.0","105.11K","0.00%"
"29/08/2019","1,870.0","1,850.0","1,900.0","1,840.0","159.37K","1.08%"
"28/08/2019","1,850.0","1,940.0","1,940.0","1,820.0","132.00K","-1.60%"
"27/08/2019","1,880.0","1,820.0","1,880.0","1,780.0","175.51K","3.30%"
"26/08/2019","1,820.0","1,800.0","1,830.0","1,800.0","175.17K","0.55%"
"23/08/2019","1,810.0","1,800.0","1,810.0","1,790.0","50.49K","0.56%"
"22/08/2019","1,800.0","1,850.0","1,850.0","1,800.0","174.62K","0.00%"
"21/08/2019","1,800.0","1,740.0","1,820.0","1,740.0","90.91K","4.65%"
"20/08/2019","1,720.0","1,800.0","1,850.0","1,720.0","52.80K","-4.44%"
"19/08/2019","1,800.0","1,820.0","1,820.0","1,790.0","46.17K","2.27%"
"16/08/2019","1,760.0","1,800.0","1,840.0","1,760.0","108.80K","0.00%"
"15/08/2019","1,760.0","1,790.0","1,830.0","1,700.0","276.83K","-1.68%"
"14/08/2019","1,790.0","1,850.0","1,850.0","1,790.0","324.56K","-0.56%"
"13/08/2019","1,800.0","1,840.0","1,840.0","1,770.0","462.47K","-1.10%"
"12/08/2019","1,820.0","1,790.0","1,830.0","1,780.0","226.34K","2.82%"
"09/08/2019","1,770.0","1,730.0","1,800.0","1,730.0","94.54K","1.14%"
"08/08/2019","1,750.0","1,790.0","1,790.0","1,730.0","105.67K","1.16%"
"07/08/2019","1,730.0","1,650.0","1,740.0","1,650.0","44.43K","4.85%"
"06/08/2019","1,650.0","1,690.0","1,700.0","1,620.0","304.92K","-2.37%"
"05/08/2019","1,690.0","1,760.0","1,800.0","1,680.0","362.08K","-6.11%"
"02/08/2019","1,800.0","1,800.0","1,850.0","1,790.0","131.15K","0.00%"
"01/08/2019","1,800.0","1,930.0","1,950.0","1,800.0","150.21K","-4.76%"
"31/07/2019","1,890.0","1,920.0","1,930.0","1,810.0","229.23K","2.72%"
"30/07/2019","1,840.0","1,750.0","1,870.0","1,750.0","408.34K","5.14%"
"29/07/2019","1,750.0","1,850.0","1,850.0","1,740.0","57.67K","-5.41%"
"26/07/2019","1,850.0","1,840.0","1,870.0","1,760.0","260.91K","5.71%"
"25/07/2019","1,750.0","1,770.0","1,820.0","1,710.0","260.23K","2.34%"
"24/07/2019","1,710.0","1,830.0","1,830.0","1,710.0","80.03K","-6.04%"
"23/07/2019","1,820.0","1,770.0","1,820.0","1,770.0","349.07K","2.82%"
"22/07/2019","1,770.0","1,730.0","1,780.0","1,720.0","156.17K","2.31%"
"19/07/2019","1,730.0","1,690.0","1,740.0","1,650.0","127.35K","6.13%"
"18/07/2019","1,630.0","1,630.0","1,650.0","1,630.0","41.26K","1.24%"
"17/07/2019","1,610.0","1,600.0","1,650.0","1,600.0","174.51K","-1.83%"
"16/07/2019","1,640.0","1,640.0","1,640.0","1,600.0","68.41K","0.00%"
"15/07/2019","1,640.0","1,650.0","1,650.0","1,590.0","36.59K","3.14%"
"12/07/2019","1,590.0","1,590.0","1,650.0","1,590.0","25.21K","-0.63%"
"11/07/2019","1,600.0","1,610.0","1,610.0","1,600.0","5.00K","0.63%"
"10/07/2019","1,590.0","1,670.0","1,670.0","1,580.0","35.48K","-4.22%"
"09/07/2019","1,660.0","1,610.0","1,660.0","1,600.0","23.63K","1.22%"
"08/07/2019","1,640.0","1,650.0","1,660.0","1,610.0","132.79K","-0.61%"
"05/07/2019","1,650.0","1,780.0","1,780.0","1,650.0","173.66K","-6.78%"
"04/07/2019","1,770.0","1,770.0","1,780.0","1,740.0","112.35K","1.14%"
"03/07/2019","1,750.0","1,660.0","1,750.0","1,650.0","155.70K","4.79%"
"02/07/2019","1,670.0","1,660.0","1,690.0","1,590.0","74.59K","0.60%"
"01/07/2019","1,660.0","1,650.0","1,680.0","1,580.0","26.54K","1.22%"
"28/06/2019","1,640.0","1,640.0","1,660.0","1,600.0","63.80K","0.00%"
"27/06/2019","1,640.0","1,560.0","1,680.0","1,560.0","161.74K","2.50%"
"26/06/2019","1,600.0","1,590.0","1,610.0","1,570.0","51.69K","0.63%"
"25/06/2019","1,590.0","1,590.0","1,620.0","1,590.0","111.06K","-0.63%"
"24/06/2019","1,600.0","1,600.0","1,620.0","1,590.0","229.14K","0.00%"
"21/06/2019","1,600.0","1,510.0","1,610.0","1,510.0","199.48K","4.58%"
"20/06/2019","1,530.0","1,580.0","1,580.0","1,520.0","37.02K","0.00%"
"19/06/2019","1,530.0","1,500.0","1,580.0","1,500.0","80.50K","2.68%"
"18/06/2019","1,490.0","1,560.0","1,600.0","1,490.0","163.77K","-6.88%"
"17/06/2019","1,600.0","1,610.0","1,620.0","1,590.0","33.48K","1.27%"
"14/06/2019","1,580.0","1,590.0","1,610.0","1,540.0","64.83K","-0.63%"
"13/06/2019","1,590.0","1,500.0","1,610.0","1,500.0","498.58K","5.30%"
"12/06/2019","1,510.0","1,490.0","1,520.0","1,470.0","135.57K","1.34%"
"11/06/2019","1,490.0","1,460.0","1,490.0","1,450.0","95.98K","2.05%"
"10/06/2019","1,460.0","1,470.0","1,470.0","1,430.0","127.57K","1.39%"
"07/06/2019","1,440.0","1,430.0","1,450.0","1,430.0","166.75K","0.00%"
"06/06/2019","1,440.0","1,450.0","1,450.0","1,420.0","152.93K","0.70%"
"05/06/2019","1,430.0","1,450.0","1,450.0","1,430.0","24.20K","0.00%"
"04/06/2019","1,430.0","1,440.0","1,450.0","1,430.0","43.75K","-1.38%"
"03/06/2019","1,450.0","1,470.0","1,560.0","1,380.0","51.81K","-1.36%"
"31/05/2019","1,470.0","1,460.0","1,480.0","1,410.0","38.23K","0.68%"
"30/05/2019","1,460.0","1,500.0","1,500.0","1,440.0","69.28K","-2.01%"
"29/05/2019","1,490.0","1,490.0","1,500.0","1,450.0","122.58K","2.76%"
"28/05/2019","1,450.0","1,530.0","1,530.0","1,440.0","88.95K","-3.97%"
"27/05/2019","1,510.0","1,400.0","1,510.0","1,400.0","231.13K","6.34%"
"24/05/2019","1,420.0","1,370.0","1,430.0","1,370.0","50.09K","1.43%"
"23/05/2019","1,400.0","1,380.0","1,400.0","1,360.0","86.23K","0.00%"
"22/05/2019","1,400.0","1,380.0","1,400.0","1,370.0","46.68K","0.00%"
"21/05/2019","1,400.0","1,400.0","1,400.0","1,380.0","7.42K","0.00%"
"20/05/2019","1,400.0","1,400.0","1,430.0","1,380.0","48.47K","0.00%"
"17/05/2019","1,400.0","1,410.0","1,450.0","1,390.0","51.66K","0.00%"
"16/05/2019","1,400.0","1,400.0","1,400.0","1,370.0","43.56K","0.00%"
"15/05/2019","1,400.0","1,400.0","1,410.0","1,350.0","60.31K","0.00%"
"14/05/2019","1,400.0","1,400.0","1,420.0","1,360.0","24.94K","-0.71%"
"13/05/2019","1,410.0","1,400.0","1,410.0","1,400.0","4.62K","0.71%"
"10/05/2019","1,400.0","1,410.0","1,430.0","1,330.0","42.17K","-0.71%"
"09/05/2019","1,410.0","1,410.0","1,440.0","1,390.0","6.02K","0.71%"
"08/05/2019","1,400.0","1,390.0","1,440.0","1,370.0","12.39K","0.72%"
"07/05/2019","1,390.0","1,460.0","1,460.0","1,390.0","44.69K","-0.71%"
"06/05/2019","1,400.0","1,460.0","1,490.0","1,380.0","98.22K","-5.41%"
"03/05/2019","1,480.0","1,490.0","1,530.0","1,450.0","74.29K","0.00%"
"02/05/2019","1,480.0","1,500.0","1,580.0","1,460.0","248.12K","-1.33%"
"26/04/2019","1,500.0","1,500.0","1,510.0","1,480.0","179.30K","1.35%"
"25/04/2019","1,480.0","1,520.0","1,550.0","1,480.0","129.12K","-2.63%"
"24/04/2019","1,520.0","1,510.0","1,520.0","1,430.0","113.90K","4.11%"
"23/04/2019","1,460.0","1,380.0","1,490.0","1,380.0","71.23K","1.39%"
"22/04/2019","1,440.0","1,430.0","1,500.0","1,420.0","152.28K","-3.36%"
"19/04/2019","1,490.0","1,500.0","1,520.0","1,440.0","72.77K","-0.67%"
"18/04/2019","1,500.0","1,490.0","1,500.0","1,400.0","151.60K","3.45%"
"17/04/2019","1,450.0","1,410.0","1,460.0","1,400.0","519.25K","5.84%"
"16/04/2019","1,370.0","1,380.0","1,400.0","1,360.0","225.68K","-0.72%"
"12/04/2019","1,380.0","1,320.0","1,390.0","1,310.0","41.67K","0.73%"
"11/04/2019","1,370.0","1,390.0","1,390.0","1,360.0","47.22K","-1.44%"
"10/04/2019","1,390.0","1,380.0","1,420.0","1,380.0","224.29K","-0.71%"
"09/04/2019","1,400.0","1,480.0","1,480.0","1,400.0","160.16K","-6.04%"
"08/04/2019","1,490.0","1,390.0","1,490.0","1,390.0","395.79K","6.43%"
"05/04/2019","1,400.0","1,370.0","1,410.0","1,370.0","1.13M","-4.76%"
"04/04/2019","1,470.0","1,480.0","1,500.0","1,470.0","611.83K","-6.37%"
"03/04/2019","1,570.0","1,580.0","1,580.0","1,500.0","407.95K","1.95%"
"02/04/2019","1,540.0","1,630.0","1,630.0","1,540.0","27.78K","-3.75%"
"01/04/2019","1,600.0","1,540.0","1,630.0","1,520.0","167.18K","0.63%"
"29/03/2019","1,590.0","1,600.0","1,650.0","1,590.0","61.41K","-0.63%"
"28/03/2019","1,600.0","1,640.0","1,660.0","1,600.0","64.74K","-2.44%"
"27/03/2019","1,640.0","1,550.0","1,650.0","1,530.0","209.03K","5.81%"
"26/03/2019","1,550.0","1,570.0","1,570.0","1,510.0","23.53K","0.65%"
"25/03/2019","1,540.0","1,590.0","1,590.0","1,500.0","107.33K","-1.91%"
"22/03/2019","1,570.0","1,620.0","1,640.0","1,570.0","32.54K","-3.09%"
"21/03/2019","1,620.0","1,570.0","1,660.0","1,560.0","82.10K","-1.22%"
"20/03/2019","1,640.0","1,640.0","1,650.0","1,550.0","121.85K","3.14%"
"19/03/2019","1,590.0","1,670.0","1,670.0","1,590.0","87.37K","-4.79%"
"18/03/2019","1,670.0","1,690.0","1,700.0","1,590.0","105.58K","-1.18%"
"15/03/2019","1,690.0","1,720.0","1,720.0","1,580.0","403.89K","0.00%"
"14/03/2019","1,690.0","1,640.0","1,700.0","1,600.0","595.19K","6.29%"
"13/03/2019","1,590.0","1,470.0","1,590.0","1,470.0","332.89K","6.71%"
"12/03/2019","1,490.0","1,500.0","1,560.0","1,460.0","138.25K","-0.67%"
"11/03/2019","1,500.0","1,510.0","1,570.0","1,500.0","164.28K","-5.06%"
"08/03/2019","1,580.0","1,590.0","1,630.0","1,570.0","191.88K","-2.47%"
"07/03/2019","1,620.0","1,590.0","1,670.0","1,490.0","213.78K","1.89%"
"06/03/2019","1,590.0","1,510.0","1,650.0","1,510.0","383.73K","1.27%"
"05/03/2019","1,570.0","1,570.0","1,570.0","1,510.0","1.33M","6.80%"
"04/03/2019","1,470.0","1,380.0","1,470.0","1,380.0","294.48K","6.52%"
"01/03/2019","1,380.0","1,310.0","1,380.0","1,270.0","263.09K","6.98%"
"28/02/2019","1,290.0","1,280.0","1,310.0","1,270.0","179.52K","1.57%"
"27/02/2019","1,270.0","1,250.0","1,290.0","1,250.0","229.99K","1.60%"
"26/02/2019","1,250.0","1,260.0","1,260.0","1,250.0","86.01K","-0.79%"
"25/02/2019","1,260.0","1,240.0","1,260.0","1,240.0","203.20K","1.61%"
"22/02/2019","1,240.0","1,250.0","1,260.0","1,240.0","73.30K","0.00%"
"21/02/2019","1,240.0","1,250.0","1,260.0","1,230.0","95.47K","0.00%"
"20/02/2019","1,240.0","1,250.0","1,250.0","1,230.0","109.18K","0.00%"
"19/02/2019","1,240.0","1,250.0","1,260.0","1,230.0","264.51K","0.00%"
"18/02/2019","1,240.0","1,270.0","1,270.0","1,240.0","253.51K","-0.80%"
"15/02/2019","1,250.0","1,260.0","1,280.0","1,250.0","117.85K","-0.79%"
"14/02/2019","1,260.0","1,260.0","1,280.0","1,240.0","182.81K","0.80%"
"13/02/2019","1,250.0","1,260.0","1,290.0","1,220.0","362.06K","0.81%"
"12/02/2019","1,240.0","1,230.0","1,260.0","1,230.0","107.95K","0.81%"
"11/02/2019","1,230.0","1,260.0","1,270.0","1,230.0","50.38K","-2.38%"
"01/02/2019","1,260.0","1,260.0","1,260.0","1,240.0","41.58K","0.00%"
"31/01/2019","1,260.0","1,260.0","1,280.0","1,240.0","42.76K","-0.79%"
"30/01/2019","1,270.0","1,260.0","1,280.0","1,260.0","27.40K","0.79%"
"29/01/2019","1,260.0","1,250.0","1,260.0","1,250.0","19.59K","1.61%"
"28/01/2019","1,240.0","1,240.0","1,270.0","1,240.0","124.91K","-0.80%"
"25/01/2019","1,250.0","1,260.0","1,260.0","1,230.0","21.93K","0.81%"
"24/01/2019","1,240.0","1,240.0","1,260.0","1,240.0","33.02K","-0.80%"
"23/01/2019","1,250.0","1,250.0","1,260.0","1,240.0","48.58K","0.00%"
"22/01/2019","1,250.0","1,280.0","1,280.0","1,250.0","64.18K","-1.57%"
"21/01/2019","1,270.0","1,260.0","1,290.0","1,240.0","68.84K","0.00%"
"18/01/2019","1,270.0","1,300.0","1,310.0","1,270.0","112.73K","-2.31%"
"17/01/2019","1,300.0","1,290.0","1,300.0","1,280.0","97.02K","0.00%"
"16/01/2019","1,300.0","1,310.0","1,310.0","1,280.0","12.16K","0.00%"
"15/01/2019","1,300.0","1,270.0","1,310.0","1,270.0","33.07K","0.00%"
"14/01/2019","1,300.0","1,280.0","1,300.0","1,270.0","151.57K","0.00%"
"11/01/2019","1,300.0","1,360.0","1,360.0","1,280.0","101.32K","-5.11%"
"10/01/2019","1,370.0","1,400.0","1,400.0","1,360.0","20.83K","-0.72%"
"09/01/2019","1,380.0","1,410.0","1,410.0","1,370.0","62.78K","-0.72%"
"08/01/2019","1,390.0","1,330.0","1,410.0","1,320.0","294.80K","4.51%"
"07/01/2019","1,330.0","1,310.0","1,330.0","1,300.0","51.72K","1.53%"
"04/01/2019","1,310.0","1,300.0","1,320.0","1,300.0","63.46K","0.77%"
"03/01/2019","1,300.0","1,280.0","1,320.0","1,280.0","317.11K","0.00%"
"02/01/2019","1,300.0","1,300.0","1,330.0","1,280.0","69.76K","0.78%"
"28/12/2018","1,290.0","1,310.0","1,320.0","1,290.0","38.80K","-1.53%"
"27/12/2018","1,310.0","1,320.0","1,340.0","1,300.0","89.63K","0.77%"
"26/12/2018","1,300.0","1,300.0","1,320.0","1,280.0","12.43K","0.00%"
"25/12/2018","1,300.0","1,340.0","1,340.0","1,280.0","147.16K","-3.70%"
"24/12/2018","1,350.0","1,350.0","1,350.0","1,340.0","19.90K","0.00%"
"21/12/2018","1,350.0","1,350.0","1,350.0","1,320.0","28.85K","1.50%"
"20/12/2018","1,330.0","1,350.0","1,350.0","1,330.0","40.09K","-0.75%"
"19/12/2018","1,340.0","1,390.0","1,390.0","1,340.0","74.74K","-2.90%"
"18/12/2018","1,380.0","1,390.0","1,390.0","1,370.0","53.34K","-0.72%"
"17/12/2018","1,390.0","1,400.0","1,400.0","1,380.0","30.19K","-0.71%"
"14/12/2018","1,400.0","1,400.0","1,400.0","1,390.0","42.01K","0.00%"
"13/12/2018","1,400.0","1,400.0","1,410.0","1,390.0","58.19K","0.00%"
"12/12/2018","1,400.0","1,400.0","1,410.0","1,400.0","21.51K","-0.71%"
"11/12/2018","1,410.0","1,400.0","1,410.0","1,390.0","10.43K","0.00%"
"10/12/2018","1,410.0","1,400.0","1,410.0","1,400.0","46.16K","0.00%"
"07/12/2018","1,410.0","1,420.0","1,420.0","1,390.0","50.08K","0.00%"
"06/12/2018","1,410.0","1,390.0","1,420.0","1,390.0","72.50K","0.71%"
"05/12/2018","1,400.0","1,420.0","1,420.0","1,390.0","14.54K","-0.71%"
"04/12/2018","1,410.0","1,430.0","1,430.0","1,410.0","17.88K","-0.70%"
"03/12/2018","1,420.0","1,400.0","1,450.0","1,390.0","225.47K","2.16%"
"30/11/2018","1,390.0","1,380.0","1,400.0","1,380.0","31.83K","-0.71%"
"29/11/2018","1,400.0","1,410.0","1,410.0","1,390.0","43.82K","0.00%"
"28/11/2018","1,400.0","1,400.0","1,400.0","1,380.0","47.73K","0.00%"
"27/11/2018","1,400.0","1,420.0","1,420.0","1,390.0","81.18K","-0.71%"
"26/11/2018","1,410.0","1,400.0","1,420.0","1,390.0","114.23K","0.71%"
"23/11/2018","1,400.0","1,420.0","1,440.0","1,400.0","17.83K","-2.10%"
"22/11/2018","1,430.0","1,430.0","1,430.0","1,410.0","26.58K","0.00%"
"21/11/2018","1,430.0","1,420.0","1,430.0","1,390.0","27.65K","0.70%"
"20/11/2018","1,420.0","1,420.0","1,420.0","1,390.0","105.01K","1.43%"
"19/11/2018","1,400.0","1,410.0","1,460.0","1,390.0","72.05K","-0.71%"
"16/11/2018","1,410.0","1,410.0","1,430.0","1,400.0","89.36K","0.00%"
"15/11/2018","1,410.0","1,480.0","1,480.0","1,410.0","156.16K","-2.76%"
"14/11/2018","1,450.0","1,490.0","1,500.0","1,450.0","67.90K","-0.68%"
"13/11/2018","1,460.0","1,460.0","1,480.0","1,450.0","26.01K","-1.35%"
"12/11/2018","1,480.0","1,530.0","1,530.0","1,470.0","56.82K","-0.67%"
"09/11/2018","1,490.0","1,500.0","1,560.0","1,490.0","90.24K","-1.32%"
"08/11/2018","1,510.0","1,490.0","1,550.0","1,490.0","61.84K","-0.66%"
"07/11/2018","1,520.0","1,540.0","1,540.0","1,480.0","399.36K","-2.56%"
"06/11/2018","1,560.0","1,560.0","1,620.0","1,550.0","60.22K","-2.50%"
"05/11/2018","1,600.0","1,570.0","1,650.0","1,570.0","176.11K","1.91%"
"02/11/2018","1,570.0","1,480.0","1,580.0","1,430.0","613.16K","6.08%"
"01/11/2018","1,480.0","1,520.0","1,520.0","1,440.0","265.48K","-1.33%"
"31/10/2018","1,500.0","1,500.0","1,520.0","1,490.0","155.61K","-0.66%"
"30/10/2018","1,510.0","1,530.0","1,560.0","1,500.0","457.73K","-3.82%"
"29/10/2018","1,570.0","1,580.0","1,580.0","1,550.0","29.54K","-0.63%"
"26/10/2018","1,580.0","1,600.0","1,600.0","1,570.0","46.73K","0.64%"
"25/10/2018","1,570.0","1,650.0","1,650.0","1,540.0","248.29K","-4.85%"
"24/10/2018","1,650.0","1,650.0","1,680.0","1,620.0","73.16K","0.00%"
"23/10/2018","1,650.0","1,680.0","1,720.0","1,650.0","207.02K","-1.79%"
"22/10/2018","1,680.0","1,700.0","1,700.0","1,670.0","74.48K","-1.18%"
"19/10/2018","1,700.0","1,700.0","1,710.0","1,690.0","51.52K","0.00%"
"18/10/2018","1,700.0","1,720.0","1,740.0","1,680.0","105.75K","-0.58%"
"17/10/2018","1,710.0","1,680.0","1,730.0","1,680.0","170.99K","2.40%"
"16/10/2018","1,670.0","1,680.0","1,690.0","1,660.0","89.76K","0.60%"
"15/10/2018","1,660.0","1,700.0","1,700.0","1,650.0","191.23K","-2.92%"
"12/10/2018","1,710.0","1,660.0","1,710.0","1,630.0","90.09K","1.79%"
"11/10/2018","1,680.0","1,790.0","1,790.0","1,680.0","665.30K","-6.67%"
"10/10/2018","1,800.0","1,810.0","1,830.0","1,800.0","126.23K","-0.55%"
"09/10/2018","1,810.0","1,830.0","1,840.0","1,810.0","86.61K","-1.09%"
"08/10/2018","1,830.0","1,860.0","1,860.0","1,820.0","113.29K","-0.54%"
"05/10/2018","1,840.0","1,880.0","1,880.0","1,830.0","281.10K","-2.13%"
"04/10/2018","1,880.0","1,890.0","1,900.0","1,850.0","209.62K","1.62%"
"03/10/2018","1,850.0","1,820.0","1,850.0","1,810.0","431.78K","2.78%"
"02/10/2018","1,800.0","1,800.0","1,830.0","1,800.0","240.56K","-2.17%"
"01/10/2018","1,840.0","1,820.0","1,850.0","1,800.0","273.20K","1.10%"
"28/09/2018","1,820.0","1,840.0","1,850.0","1,800.0","226.60K","0.00%"
"27/09/2018","1,820.0","1,800.0","1,840.0","1,790.0","157.46K","1.11%"
"26/09/2018","1,800.0","1,840.0","1,850.0","1,800.0","296.63K","-0.55%"
"25/09/2018","1,810.0","1,760.0","1,850.0","1,760.0","452.46K","2.26%"
"24/09/2018","1,770.0","1,790.0","1,790.0","1,730.0","146.70K","0.57%"
"21/09/2018","1,760.0","1,820.0","1,820.0","1,760.0","327.72K","-1.68%"
"20/09/2018","1,790.0","1,850.0","1,850.0","1,790.0","81.04K","1.13%"
"19/09/2018","1,770.0","1,810.0","1,810.0","1,770.0","285.75K","-2.21%"
"18/09/2018","1,810.0","1,800.0","1,830.0","1,770.0","180.01K","-1.09%"
"17/09/2018","1,830.0","1,830.0","1,840.0","1,790.0","143.26K","-0.54%"
"14/09/2018","1,840.0","1,880.0","1,890.0","1,840.0","53.71K","-2.13%"
"13/09/2018","1,880.0","1,800.0","1,910.0","1,800.0","826.43K","5.03%"
"12/09/2018","1,790.0","1,740.0","1,810.0","1,740.0","401.44K","2.87%"
"11/09/2018","1,740.0","1,750.0","1,770.0","1,720.0","140.78K","-0.57%"
"10/09/2018","1,750.0","1,770.0","1,770.0","1,740.0","49.79K","0.00%"
"07/09/2018","1,750.0","1,720.0","1,760.0","1,700.0","281.89K","1.74%"
"06/09/2018","1,720.0","1,730.0","1,770.0","1,720.0","109.56K","-1.71%"
"05/09/2018","1,750.0","1,790.0","1,790.0","1,730.0","72.51K","-0.57%"
"04/09/2018","1,760.0","1,700.0","1,840.0","1,700.0","292.54K","2.33%"
"31/08/2018","1,720.0","1,730.0","1,730.0","1,700.0","102.64K","0.00%"
"30/08/2018","1,720.0","1,740.0","1,740.0","1,700.0","83.12K","-0.58%"
"29/08/2018","1,730.0","1,700.0","1,750.0","1,680.0","136.45K","1.76%"
"28/08/2018","1,700.0","1,690.0","1,720.0","1,670.0","231.15K","0.59%"
"27/08/2018","1,690.0","1,690.0","1,700.0","1,680.0","77.71K","-0.59%"
"24/08/2018","1,700.0","1,710.0","1,720.0","1,700.0","37.98K","0.00%"
"23/08/2018","1,700.0","1,690.0","1,710.0","1,670.0","66.31K","0.00%"
"22/08/2018","1,700.0","1,720.0","1,720.0","1,700.0","57.70K","0.00%"
"21/08/2018","1,700.0","1,720.0","1,720.0","1,670.0","129.62K","-0.58%"
"20/08/2018","1,710.0","1,700.0","1,710.0","1,690.0","74.39K","0.00%"
"17/08/2018","1,710.0","1,720.0","1,730.0","1,700.0","121.45K","-0.58%"
"16/08/2018","1,720.0","1,720.0","1,730.0","1,690.0","142.21K","0.00%"
"15/08/2018","1,720.0","1,740.0","1,750.0","1,710.0","135.50K","-1.15%"
"14/08/2018","1,740.0","1,760.0","1,760.0","1,730.0","94.04K","-0.57%"
"13/08/2018","1,750.0","1,780.0","1,780.0","1,720.0","160.70K","0.00%"
"10/08/2018","1,750.0","1,790.0","1,790.0","1,730.0","168.13K","-1.69%"
"09/08/2018","1,780.0","1,770.0","1,800.0","1,750.0","169.66K","0.56%"
"08/08/2018","1,770.0","1,840.0","1,840.0","1,760.0","131.63K","-1.67%"
"07/08/2018","1,800.0","1,800.0","1,820.0","1,780.0","197.59K","0.00%"
"06/08/2018","1,800.0","1,820.0","1,820.0","1,780.0","126.12K","-1.64%"
"03/08/2018","1,830.0","1,830.0","1,880.0","1,830.0","46.65K","-2.14%"
"02/08/2018","1,870.0","1,850.0","1,870.0","1,800.0","321.40K","0.00%"
"01/08/2018","1,870.0","1,840.0","1,950.0","1,830.0","298.14K","1.63%"
"31/07/2018","1,840.0","1,880.0","1,880.0","1,840.0","118.60K","-2.13%"
"30/07/2018","1,880.0","1,820.0","1,890.0","1,790.0","413.98K","-0.53%"
"27/07/2018","1,890.0","1,900.0","1,900.0","1,830.0","105.67K","-0.53%"
"26/07/2018","1,900.0","1,930.0","1,960.0","1,850.0","286.60K","-1.55%"
"25/07/2018","1,930.0","1,820.0","1,940.0","1,710.0","719.39K","5.46%"
"24/07/2018","1,830.0","1,870.0","1,900.0","1,830.0","154.07K","-1.61%"
"23/07/2018","1,860.0","1,860.0","1,920.0","1,850.0","134.97K","-2.62%"
"20/07/2018","1,910.0","1,910.0","1,910.0","1,880.0","1.10M","6.70%"
"19/07/2018","1,790.0","1,710.0","1,790.0","1,700.0","171.14K","6.55%"
"18/07/2018","1,680.0","1,680.0","1,680.0","1,650.0","37.53K","0.60%"
"17/07/2018","1,670.0","1,680.0","1,680.0","1,650.0","48.54K","-0.60%"
"16/07/2018","1,680.0","1,690.0","1,720.0","1,660.0","120.29K","0.60%"
"13/07/2018","1,670.0","1,630.0","1,700.0","1,620.0","163.66K","2.45%"
"12/07/2018","1,630.0","1,620.0","1,630.0","1,590.0","7.71K","0.62%"
"11/07/2018","1,620.0","1,650.0","1,660.0","1,600.0","143.15K","-1.82%"
"10/07/2018","1,650.0","1,690.0","1,700.0","1,650.0","106.25K","-1.79%"
"09/07/2018","1,680.0","1,700.0","1,700.0","1,650.0","68.87K","-0.59%"
"06/07/2018","1,690.0","1,600.0","1,700.0","1,600.0","166.81K","-0.59%"
"05/07/2018","1,700.0","1,740.0","1,790.0","1,690.0","111.84K","-1.73%"
"04/07/2018","1,730.0","1,800.0","1,800.0","1,720.0","80.04K","-1.14%"
"03/07/2018","1,750.0","1,780.0","1,830.0","1,750.0","86.34K","-1.69%"
"02/07/2018","1,780.0","1,820.0","1,820.0","1,780.0","123.13K","-1.11%"
"29/06/2018","1,800.0","1,800.0","1,830.0","1,790.0","98.12K","-1.10%"
"28/06/2018","1,820.0","1,830.0","1,840.0","1,790.0","153.68K","-0.55%"
"27/06/2018","1,830.0","1,810.0","1,870.0","1,810.0","85.35K","0.00%"
"26/06/2018","1,830.0","1,830.0","1,830.0","1,800.0","104.69K","0.00%"
"25/06/2018","1,830.0","1,820.0","1,840.0","1,800.0","102.50K","1.67%"
"22/06/2018","1,800.0","1,820.0","1,820.0","1,790.0","34.01K","1.12%"
"21/06/2018","1,780.0","1,840.0","1,840.0","1,780.0","127.59K","-1.11%"
"20/06/2018","1,800.0","1,840.0","1,860.0","1,800.0","463.77K","0.00%"
"19/06/2018","1,800.0","1,910.0","1,940.0","1,800.0","532.40K","-6.74%"
"18/06/2018","1,930.0","1,940.0","1,960.0","1,930.0","47.31K","-0.52%"
"15/06/2018","1,940.0","1,950.0","1,970.0","1,930.0","177.71K","0.52%"
"14/06/2018","1,930.0","1,980.0","1,990.0","1,930.0","124.07K","-2.53%"
"13/06/2018","1,980.0","1,920.0","2,000.0","1,920.0","120.52K","1.54%"
"12/06/2018","1,950.0","1,920.0","1,970.0","1,900.0","202.29K","-1.52%"
"11/06/2018","1,980.0","2,000.0","2,010.0","1,960.0","136.56K","-1.49%"
"08/06/2018","2,010.0","2,040.0","2,060.0","1,990.0","304.80K","-3.37%"
"07/06/2018","2,080.0","2,080.0","2,120.0","2,040.0","241.48K","0.00%"
"06/06/2018","2,080.0","2,160.0","2,160.0","2,080.0","305.40K","-2.80%"
"05/06/2018","2,140.0","2,000.0","2,140.0","2,000.0","973.55K","7.00%"
"04/06/2018","2,000.0","2,040.0","2,080.0","2,000.0","268.51K","0.50%"
"01/06/2018","1,990.0","1,850.0","1,990.0","1,850.0","765.47K","6.99%"
"31/05/2018","1,860.0","1,790.0","1,860.0","1,780.0","152.23K","3.33%"
"30/05/2018","1,800.0","1,840.0","1,840.0","1,800.0","36.98K","-2.17%"
"29/05/2018","1,840.0","1,770.0","1,860.0","1,760.0","137.05K","3.95%"
"28/05/2018","1,770.0","1,900.0","1,900.0","1,770.0","454.66K","-6.84%"
"25/05/2018","1,900.0","1,940.0","1,940.0","1,880.0","74.65K","-1.04%"
"24/05/2018","1,920.0","1,940.0","1,950.0","1,920.0","83.79K","-1.03%"
"23/05/2018","1,940.0","1,960.0","1,960.0","1,900.0","169.04K","-0.51%"
"22/05/2018","1,950.0","1,970.0","1,990.0","1,900.0","218.96K","-2.01%"
"21/05/2018","1,990.0","2,030.0","2,030.0","1,990.0","112.38K","-0.50%"
"18/05/2018","2,000.0","2,030.0","2,030.0","2,000.0","41.59K","-0.99%"
"17/05/2018","2,020.0","2,020.0","2,040.0","2,000.0","102.02K","0.50%"
"16/05/2018","2,010.0","2,030.0","2,040.0","2,000.0","167.93K","-0.99%"
"15/05/2018","2,030.0","2,070.0","2,070.0","2,000.0","206.35K","-0.49%"
"14/05/2018","2,040.0","2,080.0","2,090.0","2,030.0","107.12K","-1.92%"
"11/05/2018","2,080.0","2,080.0","2,080.0","2,050.0","99.01K","0.00%"
"10/05/2018","2,080.0","2,100.0","2,100.0","2,030.0","61.47K","0.00%"
"09/05/2018","2,080.0","2,130.0","2,130.0","2,070.0","86.37K","-0.95%"
"08/05/2018","2,100.0","2,000.0","2,110.0","1,980.0","346.49K","5.00%"
"07/05/2018","2,000.0","1,980.0","2,000.0","1,980.0","65.41K","1.01%"
"04/05/2018","1,980.0","1,990.0","1,990.0","1,950.0","131.48K","0.00%"
"03/05/2018","1,980.0","1,950.0","1,990.0","1,930.0","110.62K","1.54%"
"02/05/2018","1,950.0","1,990.0","2,000.0","1,950.0","205.94K","0.00%"
"27/04/2018","1,950.0","2,030.0","2,040.0","1,950.0","373.86K","-3.94%"
"26/04/2018","2,030.0","2,170.0","2,170.0","2,030.0","181.77K","-6.88%"
"24/04/2018","2,180.0","2,190.0","2,200.0","2,150.0","105.72K","-0.46%"
"23/04/2018","2,190.0","2,240.0","2,240.0","2,190.0","184.14K","-2.23%"
"20/04/2018","2,240.0","2,270.0","2,270.0","2,220.0","137.63K","-1.32%"
"19/04/2018","2,270.0","2,300.0","2,300.0","2,260.0","128.95K","-1.30%"
"18/04/2018","2,300.0","2,260.0","2,360.0","2,220.0","410.52K","4.07%"
"17/04/2018","2,210.0","2,240.0","2,250.0","2,200.0","90.36K","0.00%"
"16/04/2018","2,210.0","2,200.0","2,310.0","2,080.0","490.11K","0.45%"
"13/04/2018","2,200.0","2,250.0","2,250.0","2,200.0","238.93K","0.00%"
"12/04/2018","2,200.0","2,210.0","2,210.0","2,160.0","221.83K","0.00%"
"11/04/2018","2,200.0","2,240.0","2,270.0","2,200.0","389.09K","-2.22%"
"10/04/2018","2,250.0","2,320.0","2,320.0","2,250.0","86.63K","-2.17%"
"09/04/2018","2,300.0","2,290.0","2,330.0","2,270.0","112.40K","0.44%"
"06/04/2018","2,290.0","2,250.0","2,360.0","2,250.0","664.98K","1.78%"
"05/04/2018","2,250.0","2,240.0","2,270.0","2,230.0","274.82K","0.45%"
"04/04/2018","2,240.0","2,200.0","2,250.0","2,200.0","145.45K","-0.44%"
"03/04/2018","2,250.0","2,250.0","2,260.0","2,230.0","215.14K","-0.44%"
"02/04/2018","2,260.0","2,250.0","2,270.0","2,220.0","363.47K","0.89%"
"30/03/2018","2,240.0","2,250.0","2,270.0","2,230.0","299.00K","-0.44%"
"29/03/2018","2,250.0","2,280.0","2,280.0","2,250.0","238.66K","-1.32%"
"28/03/2018","2,280.0","2,290.0","2,290.0","2,250.0","245.80K","0.44%"
"27/03/2018","2,270.0","2,300.0","2,300.0","2,250.0","402.63K","-0.87%"
"26/03/2018","2,290.0","2,260.0","2,320.0","2,240.0","474.12K","1.33%"
"23/03/2018","2,260.0","2,260.0","2,270.0","2,230.0","309.34K","0.00%"
"22/03/2018","2,260.0","2,300.0","2,330.0","2,240.0","1.03M","-1.74%"
"21/03/2018","2,300.0","2,300.0","2,400.0","2,300.0","745.35K","-4.17%"
"20/03/2018","2,400.0","2,400.0","2,450.0","2,400.0","2.21M","-6.98%"
"19/03/2018","2,580.0","2,620.0","2,630.0","2,560.0","445.25K","-0.39%"
"16/03/2018","2,590.0","2,590.0","2,660.0","2,550.0","493.89K","1.57%"
"15/03/2018","2,550.0","2,560.0","2,690.0","2,540.0","618.54K","0.00%"
"14/03/2018","2,550.0","2,530.0","2,620.0","2,500.0","817.78K","0.79%"
"13/03/2018","2,530.0","2,610.0","2,620.0","2,500.0","825.10K","-3.44%"
"12/03/2018","2,620.0","2,560.0","2,620.0","2,500.0","602.09K","2.34%"
"09/03/2018","2,560.0","2,620.0","2,670.0","2,560.0","153.25K","-2.66%"
"08/03/2018","2,630.0","2,750.0","2,750.0","2,620.0","1.06M","0.38%"
"07/03/2018","2,620.0","2,450.0","2,620.0","2,430.0","1.33M","6.94%"
"06/03/2018","2,450.0","2,430.0","2,450.0","2,410.0","299.88K","0.82%"
"05/03/2018","2,430.0","2,440.0","2,460.0","2,400.0","754.23K","-0.41%"
"02/03/2018","2,440.0","2,390.0","2,450.0","2,390.0","254.29K","1.24%"
"01/03/2018","2,410.0","2,420.0","2,450.0","2,390.0","264.13K","-0.41%"
"28/02/2018","2,420.0","2,450.0","2,470.0","2,420.0","309.29K","-1.63%"
"27/02/2018","2,460.0","2,420.0","2,470.0","2,420.0","391.42K","0.82%"
"26/02/2018","2,440.0","2,470.0","2,480.0","2,410.0","379.50K","-1.21%"
"23/02/2018","2,470.0","2,390.0","2,470.0","2,370.0","390.30K","3.35%"
"22/02/2018","2,390.0","2,450.0","2,500.0","2,360.0","284.89K","-2.45%"
"21/02/2018","2,450.0","2,410.0","2,450.0","2,410.0","151.41K","2.08%"
"13/02/2018","2,400.0","2,330.0","2,410.0","2,330.0","197.99K","3.90%"
"12/02/2018","2,310.0","2,330.0","2,330.0","2,250.0","296.06K","3.13%"
"09/02/2018","2,240.0","2,300.0","2,300.0","2,220.0","211.19K","-5.08%"
"08/02/2018","2,360.0","2,440.0","2,440.0","2,360.0","158.00K","-3.28%"
"07/02/2018","2,440.0","2,310.0","2,460.0","2,310.0","481.77K","6.09%"
"06/02/2018","2,300.0","2,260.0","2,350.0","2,260.0","1.26M","-4.96%"
"05/02/2018","2,420.0","2,600.0","2,610.0","2,420.0","961.08K","-6.92%"
"02/02/2018","2,600.0","2,670.0","2,700.0","2,590.0","751.88K","-4.06%"
"01/02/2018","2,710.0","2,870.0","2,870.0","2,680.0","794.38K","-5.57%"
"31/01/2018","2,870.0","2,870.0","2,920.0","2,870.0","469.97K","-2.38%"
"30/01/2018","2,940.0","2,990.0","3,020.0","2,900.0","500.42K","-1.67%"
"29/01/2018","2,990.0","3,080.0","3,110.0","2,990.0","513.32K","-2.61%"
"26/01/2018","3,070.0","2,840.0","3,070.0","2,840.0","495.99K","3.72%"
"25/01/2018","2,960.0","2,960.0","3,140.0","2,960.0","2.02M","-6.92%"
"22/01/2018","3,180.0","3,410.0","3,440.0","3,180.0","1.02M","-6.74%"
"19/01/2018","3,410.0","3,460.0","3,510.0","3,400.0","418.78K","-1.45%"
"18/01/2018","3,460.0","3,550.0","3,550.0","3,430.0","600.28K","-2.54%"
"17/01/2018","3,550.0","3,590.0","3,610.0","3,530.0","579.67K","-1.11%"
"16/01/2018","3,590.0","3,590.0","3,650.0","3,580.0","477.85K","0.00%"
"15/01/2018","3,590.0","3,650.0","3,650.0","3,590.0","531.75K","-1.10%"
"12/01/2018","3,630.0","3,630.0","3,670.0","3,610.0","535.83K","0.00%"
"11/01/2018","3,630.0","3,620.0","3,660.0","3,600.0","344.99K","0.28%"
"10/01/2018","3,620.0","3,640.0","3,640.0","3,600.0","502.45K","0.56%"
"09/01/2018","3,600.0","3,620.0","3,620.0","3,580.0","777.31K","-0.55%"
"08/01/2018","3,620.0","3,690.0","3,700.0","3,620.0","455.06K","-1.09%"
"05/01/2018","3,660.0","3,700.0","3,700.0","3,630.0","386.16K","0.27%"
"04/01/2018","3,650.0","3,600.0","3,700.0","3,580.0","1.19M","0.83%"
"03/01/2018","3,620.0","3,660.0","3,700.0","3,620.0","575.82K","-1.63%"
"02/01/2018","3,680.0","3,690.0","3,750.0","3,680.0","375.73K","-0.54%"
"29/12/2017","3,700.0","3,740.0","3,780.0","3,700.0","598.79K","-0.80%"
"28/12/2017","3,730.0","3,750.0","3,760.0","3,730.0","396.67K","-0.80%"
"27/12/2017","3,760.0","3,800.0","3,810.0","3,760.0","496.96K","-1.05%"
"26/12/2017","3,800.0","3,850.0","3,890.0","3,790.0","411.36K","-1.30%"
"25/12/2017","3,850.0","3,860.0","3,960.0","3,850.0","448.28K","1.85%"
"22/12/2017","3,780.0","3,750.0","3,950.0","3,750.0","660.22K","0.80%"
"21/12/2017","3,750.0","3,780.0","3,780.0","3,730.0","308.59K","0.00%"
"20/12/2017","3,750.0","3,780.0","3,790.0","3,750.0","588.72K","-0.79%"
"19/12/2017","3,780.0","3,840.0","3,840.0","3,770.0","397.46K","-1.05%"
"18/12/2017","3,820.0","3,800.0","3,870.0","3,800.0","318.13K","0.79%"
"15/12/2017","3,790.0","3,830.0","3,840.0","3,770.0","400.00K","-0.79%"
"14/12/2017","3,820.0","3,760.0","3,820.0","3,740.0","422.60K","1.06%"
"13/12/2017","3,780.0","3,790.0","3,880.0","3,750.0","475.32K","0.00%"
"12/12/2017","3,780.0","3,860.0","3,900.0","3,660.0","870.66K","-2.07%"
"11/12/2017","3,860.0","3,890.0","3,940.0","3,800.0","410.33K","-1.03%"
"08/12/2017","3,900.0","3,890.0","4,040.0","3,890.0","510.88K","0.26%"
"07/12/2017","3,890.0","3,920.0","4,100.0","3,890.0","1.07M","0.00%"
"06/12/2017","3,890.0","4,020.0","4,060.0","3,870.0","865.66K","-3.71%"
"05/12/2017","4,040.0","4,110.0","4,240.0","4,020.0","997.85K","-1.94%"
"04/12/2017","4,120.0","3,990.0","4,180.0","3,940.0","2.23M","3.78%"
"01/12/2017","3,970.0","3,870.0","3,970.0","3,870.0","1.01M","0.00%"
"30/11/2017","3,970.0","3,940.0","3,970.0","3,850.0","818.20K","1.28%"
"29/11/2017","3,920.0","3,990.0","4,000.0","3,920.0","779.43K","-1.75%"
"28/11/2017","3,990.0","4,030.0","4,130.0","3,970.0","1.28M","-0.99%"
"27/11/2017","4,030.0","3,760.0","4,040.0","3,760.0","2.09M","6.61%"
"24/11/2017","3,780.0","3,800.0","3,800.0","3,730.0","518.78K","0.00%"
"23/11/2017","3,780.0","3,720.0","3,850.0","3,720.0","500.43K","0.80%"
"22/11/2017","3,750.0","3,790.0","3,800.0","3,730.0","581.76K","-1.06%"
"21/11/2017","3,790.0","4,040.0","4,040.0","3,790.0","640.52K","-4.05%"
"20/11/2017","3,950.0","3,920.0","4,040.0","3,860.0","756.31K","2.33%"
"17/11/2017","3,860.0","3,710.0","3,910.0","3,660.0","1.18M","5.46%"
"16/11/2017","3,660.0","3,550.0","3,730.0","3,550.0","630.15K","1.67%"
"15/11/2017","3,600.0","3,540.0","3,650.0","3,540.0","256.06K","1.69%"
"14/11/2017","3,540.0","3,530.0","3,600.0","3,510.0","306.10K","0.28%"
"13/11/2017","3,530.0","3,630.0","3,720.0","3,530.0","398.60K","-5.36%"
"10/11/2017","3,730.0","3,600.0","3,750.0","3,600.0","583.66K","1.36%"
"09/11/2017","3,680.0","3,710.0","3,780.0","3,660.0","602.04K","-3.16%"
"08/11/2017","3,800.0","3,900.0","3,900.0","3,710.0","364.74K","-2.56%"
"07/11/2017","3,900.0","3,680.0","3,930.0","3,680.0","1.35M","5.98%"
"06/11/2017","3,680.0","3,510.0","3,720.0","3,500.0","436.37K","5.14%"
"03/11/2017","3,500.0","3,450.0","3,570.0","3,340.0","718.07K","1.45%"
"02/11/2017","3,450.0","3,640.0","3,690.0","3,450.0","918.54K","-3.63%"
"01/11/2017","3,580.0","3,810.0","4,000.0","3,580.0","1.13M","-6.04%"
"31/10/2017","3,810.0","3,960.0","4,000.0","3,810.0","1.41M","-4.99%"
"30/10/2017","4,010.0","4,190.0","4,190.0","4,000.0","866.14K","-2.20%"
"27/10/2017","4,100.0","4,090.0","4,200.0","4,080.0","661.56K","0.49%"
"26/10/2017","4,080.0","4,190.0","4,210.0","4,020.0","1.16M","-2.39%"
"25/10/2017","4,180.0","4,160.0","4,220.0","4,160.0","442.59K","-0.24%"
"24/10/2017","4,190.0","4,160.0","4,240.0","4,140.0","681.22K","0.72%"
"23/10/2017","4,160.0","4,330.0","4,350.0","4,160.0","1.43M","-4.81%"
"20/10/2017","4,370.0","4,550.0","4,620.0","4,360.0","1.09M","-3.10%"
"19/10/2017","4,510.0","4,480.0","4,700.0","4,410.0","1.08M","0.22%"
"18/10/2017","4,500.0","4,750.0","4,790.0","4,470.0","876.23K","-3.43%"
"17/10/2017","4,660.0","4,750.0","4,920.0","4,660.0","2.37M","1.30%"
"16/10/2017","4,600.0","4,300.0","4,600.0","4,300.0","2.14M","6.98%"
"13/10/2017","4,300.0","4,330.0","4,350.0","4,270.0","600.37K","0.47%"
"12/10/2017","4,280.0","4,260.0","4,380.0","4,260.0","502.94K","0.47%"
"11/10/2017","4,260.0","4,200.0","4,410.0","4,200.0","753.71K","1.67%"
"10/10/2017","4,190.0","4,160.0","4,240.0","4,160.0","692.52K","0.00%"
"09/10/2017","4,190.0","4,250.0","4,290.0","4,130.0","1.19M","-2.10%"
"06/10/2017","4,280.0","4,280.0","4,330.0","4,230.0","687.02K","0.00%"
"05/10/2017","4,280.0","4,300.0","4,500.0","4,280.0","1.98M","1.66%"
"04/10/2017","4,210.0","3,940.0","4,210.0","3,940.0","1.16M","6.85%"
"03/10/2017","3,940.0","4,100.0","4,100.0","3,860.0","1.87M","-3.90%"
"02/10/2017","4,100.0","4,210.0","4,280.0","3,980.0","1.52M","-1.44%"
"29/09/2017","4,160.0","4,430.0","4,500.0","4,160.0","1.77M","-6.09%"
"28/09/2017","4,430.0","4,620.0","4,690.0","4,430.0","2.34M","-4.11%"
"27/09/2017","4,620.0","4,640.0","4,800.0","4,590.0","998.15K","-1.28%"
"26/09/2017","4,680.0","4,770.0","4,880.0","4,610.0","1.54M","-1.89%"
"25/09/2017","4,770.0","4,940.0","4,960.0","4,750.0","1.11M","-4.02%"
"22/09/2017","4,970.0","5,010.0","5,090.0","4,960.0","1.41M","-0.80%"
"21/09/2017","5,010.0","5,100.0","5,160.0","5,010.0","1.57M","-1.76%"
"20/09/2017","5,100.0","5,100.0","5,230.0","5,040.0","2.13M","1.19%"
"19/09/2017","5,040.0","5,180.0","5,260.0","5,040.0","3.83M","2.44%"
"18/09/2017","4,920.0","4,660.0","4,920.0","4,600.0","1.87M","6.96%"
"15/09/2017","4,600.0","4,650.0","4,650.0","4,570.0","542.09K","-1.08%"
"14/09/2017","4,650.0","4,550.0","4,690.0","4,500.0","1.04M","2.20%"
"13/09/2017","4,550.0","4,530.0","4,550.0","4,480.0","1.07M","0.44%"
"12/09/2017","4,530.0","4,500.0","4,590.0","4,500.0","519.28K","0.67%"
"11/09/2017","4,500.0","4,720.0","4,720.0","4,500.0","958.98K","-4.66%"
"08/09/2017","4,720.0","4,750.0","4,780.0","4,700.0","953.02K","-0.42%"
"07/09/2017","4,740.0","4,700.0","4,860.0","4,650.0","1.03M","0.85%"
"06/09/2017","4,700.0","4,600.0","4,700.0","4,450.0","1.19M","2.17%"
"05/09/2017","4,600.0","4,750.0","4,780.0","4,600.0","996.02K","-3.16%"
"01/09/2017","4,750.0","4,800.0","4,800.0","4,660.0","1.19M","0.00%"
"31/08/2017","4,750.0","4,800.0","4,920.0","4,750.0","1.44M","-1.45%"
"30/08/2017","4,820.0","4,810.0","5,110.0","4,810.0","1.80M","0.21%"
"29/08/2017","4,810.0","4,900.0","4,960.0","4,700.0","2.87M","-3.80%"
"28/08/2017","5,000.0","5,320.0","5,320.0","5,000.0","7.22M","0.40%"
"25/08/2017","4,980.0","4,980.0","4,980.0","4,800.0","2.23M","6.87%"
"24/08/2017","4,660.0","4,360.0","4,660.0","4,360.0","2.43M","6.88%"
"23/08/2017","4,360.0","4,450.0","4,700.0","4,280.0","5.05M","-5.22%"
"22/08/2017","4,600.0","4,850.0","4,930.0","4,600.0","2.75M","-6.69%"
"21/08/2017","4,930.0","5,340.0","5,340.0","4,930.0","3.83M","-6.98%"
"18/08/2017","5,300.0","4,850.0","5,390.0","4,850.0","6.19M","1.73%"
"17/08/2017","5,210.0","5,400.0","5,500.0","5,210.0","4.23M","-6.96%"
"16/08/2017","5,600.0","5,820.0","6,030.0","5,600.0","6.00M","-6.98%"
"15/08/2017","6,020.0","6,500.0","6,700.0","6,020.0","6.18M","-6.96%"
"14/08/2017","6,470.0","6,470.0","6,550.0","6,470.0","12.76M","-6.91%"
"11/08/2017","6,950.0","7,690.0","7,700.0","6,950.0","7.89M","-6.96%"
"10/08/2017","7,470.0","7,470.0","7,470.0","7,000.0","5.78M","6.87%"
"09/08/2017","6,990.0","6,990.0","6,990.0","6,340.0","14.85M","6.88%"
"08/08/2017","6,540.0","6,540.0","6,540.0","6,540.0","347.87K","6.86%"
"07/08/2017","6,120.0","6,120.0","6,120.0","6,120.0","478.68K","6.99%"
"04/08/2017","5,720.0","5,720.0","5,720.0","5,700.0","2.83M","6.92%"
"03/08/2017","5,350.0","5,000.0","5,350.0","5,000.0","2.66M","7.00%"
"02/08/2017","5,000.0","5,070.0","5,080.0","4,850.0","672.02K","-1.38%"
"01/08/2017","5,070.0","5,190.0","5,190.0","4,850.0","1.11M","-2.31%"
"31/07/2017","5,190.0","5,020.0","5,310.0","5,000.0","1.20M","2.57%"
"28/07/2017","5,060.0","5,000.0","5,060.0","4,970.0","1.25M","1.20%"
"27/07/2017","5,000.0","4,800.0","5,100.0","4,800.0","3.66M","3.95%"
"26/07/2017","4,810.0","4,800.0","4,940.0","4,730.0","1.08M","0.21%"
"25/07/2017","4,800.0","4,550.0","4,830.0","4,550.0","653.72K","1.91%"
"24/07/2017","4,710.0","4,680.0","4,790.0","4,680.0","2.73M","-6.36%"
"21/07/2017","5,030.0","5,400.0","5,410.0","5,030.0","1.93M","-6.85%"
"20/07/2017","5,400.0","5,460.0","5,540.0","5,300.0","1.13M","-2.53%"
"19/07/2017","5,540.0","5,300.0","5,560.0","5,300.0","2.48M","6.54%"
"18/07/2017","5,200.0","5,000.0","5,200.0","4,980.0","1.23M","2.36%"
"17/07/2017","5,080.0","5,020.0","5,360.0","4,950.0","1.88M","-0.20%"
"14/07/2017","5,090.0","5,050.0","5,240.0","5,000.0","1.19M","-0.78%"
"13/07/2017","5,130.0","5,000.0","5,180.0","4,950.0","2.63M","5.77%"
"12/07/2017","4,850.0","4,600.0","4,850.0","4,560.0","2.09M","6.83%"
"11/07/2017","4,540.0","4,350.0","4,550.0","4,300.0","1.06M","4.37%"
"10/07/2017","4,350.0","4,400.0","4,430.0","4,260.0","1.26M","0.00%"
"07/07/2017","4,350.0","4,560.0","4,600.0","4,250.0","1.82M","-4.19%"
"06/07/2017","4,540.0","4,390.0","4,550.0","4,230.0","2.28M","6.32%"
"05/07/2017","4,270.0","4,100.0","4,360.0","4,100.0","681.55K","3.39%"
"04/07/2017","4,130.0","4,250.0","4,270.0","4,130.0","741.82K","-2.82%"
"03/07/2017","4,250.0","4,320.0","4,320.0","4,100.0","1.04M","-1.39%"
"30/06/2017","4,310.0","4,380.0","4,490.0","4,050.0","3.46M","-0.46%"
"29/06/2017","4,330.0","4,050.0","4,330.0","4,050.0","4.67M","6.91%"
"28/06/2017","4,050.0","3,800.0","4,050.0","3,720.0","3.03M","6.30%"
"27/06/2017","3,810.0","3,550.0","3,830.0","3,550.0","4.07M","6.13%"
"26/06/2017","3,590.0","3,610.0","3,610.0","3,570.0","271.02K","-0.28%"
"23/06/2017","3,600.0","3,550.0","3,600.0","3,490.0","856.39K","1.69%"
"22/06/2017","3,540.0","3,550.0","3,570.0","3,510.0","292.10K","0.00%"
"21/06/2017","3,540.0","3,610.0","3,610.0","3,520.0","445.48K","-1.67%"
"20/06/2017","3,600.0","3,500.0","3,620.0","3,450.0","983.59K","3.15%"
"19/06/2017","3,490.0","3,500.0","3,510.0","3,460.0","389.71K","0.00%"
"16/06/2017","3,490.0","3,520.0","3,560.0","3,480.0","198.42K","-0.85%"
"15/06/2017","3,520.0","3,580.0","3,580.0","3,480.0","286.06K","0.00%"
"14/06/2017","3,520.0","3,600.0","3,600.0","3,520.0","144.46K","-0.56%"
"13/06/2017","3,540.0","3,560.0","3,560.0","3,510.0","149.72K","-0.56%"
"12/06/2017","3,560.0","3,610.0","3,640.0","3,560.0","312.07K","-1.11%"
"09/06/2017","3,600.0","3,550.0","3,600.0","3,540.0","676.89K","1.69%"
"08/06/2017","3,540.0","3,520.0","3,580.0","3,510.0","439.68K","1.43%"
"07/06/2017","3,490.0","3,500.0","3,550.0","3,490.0","603.90K","-0.57%"
"06/06/2017","3,510.0","3,590.0","3,590.0","3,500.0","539.60K","-1.40%"
"05/06/2017","3,560.0","3,620.0","3,620.0","3,530.0","488.51K","-1.39%"
"02/06/2017","3,610.0","3,690.0","3,690.0","3,570.0","364.80K","-1.63%"
"01/06/2017","3,670.0","3,660.0","3,710.0","3,640.0","928.63K","0.82%"
"31/05/2017","3,640.0","3,650.0","3,660.0","3,590.0","455.57K","0.00%"
"30/05/2017","3,640.0","3,800.0","3,850.0","3,550.0","2.80M","0.28%"
"29/05/2017","3,630.0","3,410.0","3,630.0","3,390.0","1.80M","6.76%"
"26/05/2017","3,400.0","3,470.0","3,470.0","3,350.0","776.27K","-2.02%"
"25/05/2017","3,470.0","3,520.0","3,520.0","3,400.0","839.97K","-1.14%"
"24/05/2017","3,510.0","3,560.0","3,560.0","3,510.0","224.46K","-1.13%"
"23/05/2017","3,550.0","3,560.0","3,570.0","3,520.0","290.74K","0.00%"
"22/05/2017","3,550.0","3,530.0","3,560.0","3,520.0","640.33K","0.85%"
"19/05/2017","3,520.0","3,580.0","3,580.0","3,520.0","406.57K","-1.68%"
"18/05/2017","3,580.0","3,600.0","3,600.0","3,510.0","627.69K","-0.56%"
"17/05/2017","3,600.0","3,660.0","3,660.0","3,510.0","441.70K","-1.37%"
"16/05/2017","3,650.0","3,660.0","3,710.0","3,590.0","1.07M","0.00%"
"15/05/2017","3,650.0","3,500.0","3,650.0","3,430.0","1.14M","3.69%"
"12/05/2017","3,520.0","3,750.0","3,750.0","3,520.0","670.39K","-2.22%"
"11/05/2017","3,600.0","3,790.0","3,790.0","3,500.0","3.53M","-4.26%"
"10/05/2017","3,760.0","3,860.0","3,860.0","3,590.0","4.92M","-2.34%"
"09/05/2017","3,850.0","3,650.0","3,850.0","3,650.0","2.08M","6.65%"
"08/05/2017","3,610.0","3,400.0","3,630.0","3,400.0","2.37M","6.18%"
"05/05/2017","3,400.0","3,290.0","3,400.0","3,180.0","3.79M","6.92%"
"04/05/2017","3,180.0","2,990.0","3,180.0","2,990.0","2.80M","6.71%"
"03/05/2017","2,980.0","2,790.0","2,980.0","2,780.0","3.43M","6.81%"
"28/04/2017","2,790.0","2,750.0","2,820.0","2,700.0","826.99K","1.45%"
"27/04/2017","2,750.0","2,720.0","2,770.0","2,700.0","396.77K","2.61%"
"26/04/2017","2,680.0","2,800.0","2,820.0","2,670.0","870.52K","-4.63%"
"25/04/2017","2,810.0","2,750.0","2,810.0","2,750.0","470.36K","2.18%"
"24/04/2017","2,750.0","2,750.0","2,800.0","2,750.0","254.48K","-1.79%"
"21/04/2017","2,800.0","2,770.0","2,840.0","2,760.0","493.98K","0.36%"
"20/04/2017","2,790.0","2,830.0","2,830.0","2,740.0","582.69K","-0.36%"
"19/04/2017","2,800.0","2,720.0","2,820.0","2,700.0","528.16K","2.94%"
"18/04/2017","2,720.0","2,700.0","2,760.0","2,690.0","787.61K","0.00%"
"17/04/2017","2,720.0","2,780.0","2,810.0","2,700.0","441.48K","0.37%"
"14/04/2017","2,710.0","2,790.0","2,800.0","2,660.0","1.09M","-3.21%"
"13/04/2017","2,800.0","2,840.0","2,850.0","2,790.0","1.01M","-1.41%"
"12/04/2017","2,840.0","2,920.0","2,930.0","2,830.0","1.13M","-3.07%"
"11/04/2017","2,930.0","2,930.0","3,000.0","2,900.0","1.05M","-0.68%"
"10/04/2017","2,950.0","3,020.0","3,040.0","2,930.0","1.44M","0.00%"
"07/04/2017","2,950.0","2,860.0","2,950.0","2,840.0","1.13M","3.15%"
"05/04/2017","2,860.0","2,820.0","2,930.0","2,820.0","1.38M","2.14%"
"04/04/2017","2,800.0","3,000.0","3,090.0","2,800.0","1.48M","-5.72%"
"03/04/2017","2,970.0","2,780.0","2,970.0","2,770.0","3.66M","6.83%"
"31/03/2017","2,780.0","2,860.0","2,870.0","2,780.0","1.08M","-2.80%"
"30/03/2017","2,860.0","2,860.0","2,880.0","2,840.0","1.21M","0.35%"
"29/03/2017","2,850.0","2,940.0","2,940.0","2,810.0","951.15K","-1.38%"
"28/03/2017","2,890.0","2,720.0","2,890.0","2,720.0","3.26M","6.64%"
"27/03/2017","2,710.0","2,670.0","2,730.0","2,670.0","813.62K","0.74%"
"24/03/2017","2,690.0","2,710.0","2,730.0","2,670.0","577.56K","-0.37%"
"23/03/2017","2,700.0","2,610.0","2,750.0","2,610.0","885.57K","3.45%"
"22/03/2017","2,610.0","2,730.0","2,730.0","2,610.0","748.15K","-3.69%"
"21/03/2017","2,710.0","2,730.0","2,750.0","2,710.0","663.27K","-0.73%"
"20/03/2017","2,730.0","2,750.0","2,790.0","2,730.0","305.91K","-0.36%"
"17/03/2017","2,740.0","2,750.0","2,790.0","2,720.0","472.99K","0.00%"
"16/03/2017","2,740.0","2,730.0","2,750.0","2,720.0","260.30K","0.37%"
"15/03/2017","2,730.0","2,730.0","2,800.0","2,720.0","190.48K","-1.09%"
"14/03/2017","2,760.0","2,720.0","2,780.0","2,720.0","385.50K","1.47%"
"13/03/2017","2,720.0","2,740.0","2,790.0","2,700.0","755.81K","-0.73%"
"10/03/2017","2,740.0","2,760.0","2,810.0","2,730.0","989.35K","-0.72%"
"09/03/2017","2,760.0","2,830.0","2,870.0","2,760.0","1.18M","-2.82%"
"08/03/2017","2,840.0","2,980.0","2,980.0","2,840.0","952.19K","-2.07%"
"07/03/2017","2,900.0","2,850.0","2,950.0","2,850.0","2.05M","2.11%"
"06/03/2017","2,840.0","2,790.0","2,910.0","2,770.0","1.00M","1.43%"
"03/03/2017","2,800.0","2,790.0","2,830.0","2,760.0","1.11M","0.36%"
"02/03/2017","2,790.0","2,790.0","2,850.0","2,720.0","1.06M","-0.36%"
"01/03/2017","2,800.0","3,000.0","3,010.0","2,800.0","1.94M","-6.98%"
"28/02/2017","3,010.0","3,020.0","3,060.0","2,980.0","985.55K","0.00%"
"27/02/2017","3,010.0","3,050.0","3,090.0","2,920.0","1.52M","-0.33%"
"24/02/2017","3,020.0","2,920.0","3,110.0","2,900.0","2.71M","3.78%"
"23/02/2017","2,910.0","2,780.0","2,930.0","2,720.0","1.41M","4.68%"
"22/02/2017","2,780.0","2,830.0","2,850.0","2,770.0","1.34M","-0.36%"
"21/02/2017","2,790.0","2,710.0","2,820.0","2,700.0","1.77M","4.49%"
"20/02/2017","2,670.0","2,620.0","2,700.0","2,610.0","828.28K","0.75%"
"17/02/2017","2,650.0","2,660.0","2,660.0","2,600.0","1.15M","-1.85%"
"16/02/2017","2,700.0","2,770.0","2,790.0","2,700.0","728.67K","-2.88%"
"15/02/2017","2,780.0","2,760.0","2,820.0","2,750.0","1.80M","2.58%"
"14/02/2017","2,710.0","2,550.0","2,710.0","2,540.0","2.67M","6.69%"
"13/02/2017","2,540.0","2,500.0","2,560.0","2,490.0","994.21K","0.40%"
"10/02/2017","2,530.0","2,520.0","2,530.0","2,490.0","600.40K","0.00%"
"09/02/2017","2,530.0","2,500.0","2,530.0","2,500.0","356.53K","0.40%"
"08/02/2017","2,520.0","2,500.0","2,540.0","2,480.0","423.11K","1.61%"
"07/02/2017","2,480.0","2,500.0","2,530.0","2,470.0","457.63K","-0.80%"
"06/02/2017","2,500.0","2,490.0","2,500.0","2,440.0","793.84K","0.00%"
"03/02/2017","2,500.0","2,440.0","2,500.0","2,440.0","426.64K","1.21%"
"02/02/2017","2,470.0","2,450.0","2,490.0","2,350.0","30.31K","0.00%"
"25/01/2017","2,470.0","2,400.0","2,510.0","2,400.0","473.48K","-1.59%"
"24/01/2017","2,510.0","2,460.0","2,540.0","2,430.0","743.23K","2.03%"
"23/01/2017","2,460.0","2,510.0","2,510.0","2,450.0","201.07K","-1.20%"
"20/01/2017","2,490.0","2,490.0","2,500.0","2,330.0","275.42K","-0.40%"
"19/01/2017","2,500.0","2,500.0","2,540.0","2,450.0","179.31K","0.00%"
"18/01/2017","2,500.0","2,530.0","2,580.0","2,470.0","577.31K","-1.96%"
"17/01/2017","2,550.0","2,620.0","2,620.0","2,550.0","274.93K","-1.92%"
"16/01/2017","2,600.0","2,600.0","2,640.0","2,600.0","100.96K","-0.76%"
"13/01/2017","2,620.0","2,640.0","2,640.0","2,600.0","231.97K","-0.76%"
"12/01/2017","2,640.0","2,620.0","2,670.0","2,610.0","546.26K","0.38%"
"11/01/2017","2,630.0","2,630.0","2,630.0","2,600.0","79.09K","0.38%"
"10/01/2017","2,620.0","2,620.0","2,640.0","2,600.0","114.25K","-0.38%"
"09/01/2017","2,630.0","2,620.0","2,640.0","2,600.0","329.72K","0.77%"
"06/01/2017","2,610.0","2,640.0","2,650.0","2,600.0","225.65K","-1.14%"
"05/01/2017","2,640.0","2,640.0","2,650.0","2,630.0","118.49K","0.00%"
"04/01/2017","2,640.0","2,650.0","2,650.0","2,600.0","328.81K","0.38%"
"03/01/2017","2,630.0","2,630.0","2,680.0","2,610.0","139.99K","0.00%"
"30/12/2016","2,630.0","2,650.0","2,650.0","2,600.0","277.82K","-0.75%"
"29/12/2016","2,650.0","2,660.0","2,670.0","2,610.0","283.61K","-0.38%"
"28/12/2016","2,660.0","2,620.0","2,670.0","2,620.0","289.71K","1.14%"
"27/12/2016","2,630.0","2,600.0","2,640.0","2,570.0","463.37K","1.15%"
"26/12/2016","2,600.0","2,620.0","2,620.0","2,590.0","287.02K","-0.38%"
"23/12/2016","2,610.0","2,600.0","2,630.0","2,580.0","160.23K","0.00%"
"22/12/2016","2,610.0","2,630.0","2,640.0","2,600.0","217.76K","-0.76%"
"21/12/2016","2,630.0","2,620.0","2,650.0","2,610.0","511.18K","0.77%"
"20/12/2016","2,610.0","2,640.0","2,640.0","2,600.0","234.07K","-0.76%"
"19/12/2016","2,630.0","2,600.0","2,660.0","2,600.0","228.81K","0.77%"
"16/12/2016","2,610.0","2,510.0","2,660.0","2,510.0","239.21K","-1.14%"
"15/12/2016","2,640.0","2,660.0","2,690.0","2,560.0","335.38K","-0.75%"
"14/12/2016","2,660.0","2,620.0","2,690.0","2,480.0","352.19K","1.53%"
"13/12/2016","2,620.0","2,650.0","2,710.0","2,620.0","1.50M","-6.76%"
"12/12/2016","2,810.0","2,900.0","2,920.0","2,810.0","274.65K","-3.10%"
"09/12/2016","2,900.0","2,960.0","2,990.0","2,900.0","203.79K","-2.68%"
"08/12/2016","2,980.0","2,900.0","3,010.0","2,900.0","1.44M","5.67%"
"07/12/2016","2,820.0","2,850.0","2,850.0","2,820.0","459.37K","-1.05%"
"06/12/2016","2,850.0","2,930.0","2,940.0","2,850.0","922.20K","-3.06%"
"05/12/2016","2,940.0","2,970.0","2,970.0","2,930.0","399.61K","-1.01%"
"02/12/2016","2,970.0","2,920.0","2,970.0","2,910.0","878.72K","1.71%"
"01/12/2016","2,920.0","2,940.0","2,980.0","2,910.0","829.72K","-0.68%"
"30/11/2016","2,940.0","2,950.0","2,980.0","2,900.0","888.99K","1.38%"
"29/11/2016","2,900.0","3,120.0","3,120.0","2,900.0","953.36K","-6.15%"
"28/11/2016","3,090.0","3,170.0","3,180.0","3,060.0","634.34K","-2.83%"
"25/11/2016","3,180.0","3,120.0","3,180.0","3,070.0","921.64K","1.60%"
"24/11/2016","3,130.0","3,130.0","3,230.0","3,080.0","1.78M","0.00%"
"23/11/2016","3,130.0","3,020.0","3,150.0","2,990.0","1.85M","4.68%"
"22/11/2016","2,990.0","2,880.0","2,990.0","2,880.0","1.11M","3.82%"
"21/11/2016","2,880.0","2,870.0","2,880.0","2,850.0","254.97K","0.70%"
"18/11/2016","2,860.0","2,850.0","2,890.0","2,850.0","295.46K","-0.35%"
"17/11/2016","2,870.0","2,910.0","2,910.0","2,870.0","298.07K","-1.03%"
"16/11/2016","2,900.0","2,890.0","2,910.0","2,860.0","405.29K","0.00%"
"15/11/2016","2,900.0","2,930.0","2,970.0","2,850.0","944.94K","-1.69%"
"14/11/2016","2,950.0","2,910.0","2,980.0","2,910.0","624.20K","1.37%"
"11/11/2016","2,910.0","2,940.0","2,950.0","2,900.0","570.22K","-1.02%"
"10/11/2016","2,940.0","2,900.0","2,940.0","2,880.0","717.79K","3.16%"
"09/11/2016","2,850.0","2,890.0","2,910.0","2,730.0","1.03M","-2.40%"
"08/11/2016","2,920.0","2,970.0","2,980.0","2,920.0","283.84K","-1.68%"
"07/11/2016","2,970.0","2,950.0","3,020.0","2,920.0","445.04K","0.68%"
"04/11/2016","2,950.0","2,880.0","3,030.0","2,850.0","1.19M","3.51%"
"03/11/2016","2,850.0","2,890.0","2,930.0","2,820.0","907.39K","1.79%"
"02/11/2016","2,800.0","2,890.0","2,930.0","2,800.0","865.38K","-3.78%"
"01/11/2016","2,910.0","2,950.0","2,950.0","2,860.0","690.06K","-1.36%"
"31/10/2016","2,950.0","3,100.0","3,100.0","2,920.0","1.30M","-4.53%"
"28/10/2016","3,090.0","3,090.0","3,140.0","3,040.0","801.29K","-0.32%"
"27/10/2016","3,100.0","3,020.0","3,100.0","2,970.0","914.88K","2.65%"
"26/10/2016","3,020.0","3,120.0","3,180.0","3,010.0","927.06K","-3.21%"
"25/10/2016","3,120.0","3,110.0","3,240.0","3,110.0","3.60M","-6.59%"
"24/10/2016","3,340.0","3,340.0","3,340.0","3,340.0","1.27M","-6.96%"
"21/10/2016","3,590.0","3,590.0","3,650.0","3,590.0","3.09M","-6.99%"
"20/10/2016","3,860.0","3,760.0","3,890.0","3,730.0","1.21M","2.93%"
"19/10/2016","3,750.0","3,920.0","3,980.0","3,740.0","1.49M","-4.34%"
"18/10/2016","3,920.0","4,000.0","4,000.0","3,910.0","1.61M","-2.24%"
"17/10/2016","4,010.0","3,960.0","4,200.0","3,950.0","3.01M","1.52%"
"14/10/2016","3,950.0","3,910.0","3,950.0","3,870.0","3.07M","6.76%"
"13/10/2016","3,700.0","3,410.0","3,700.0","3,410.0","2.23M","6.94%"
"12/10/2016","3,460.0","3,380.0","3,480.0","3,380.0","781.93K","2.37%"
"11/10/2016","3,380.0","3,480.0","3,480.0","3,320.0","893.21K","-1.74%"
"10/10/2016","3,440.0","3,370.0","3,450.0","3,360.0","621.42K","1.78%"
"07/10/2016","3,380.0","3,420.0","3,440.0","3,380.0","852.50K","-1.46%"
"06/10/2016","3,430.0","3,290.0","3,490.0","3,290.0","1.47M","4.26%"
"05/10/2016","3,290.0","3,270.0","3,310.0","3,250.0","513.76K","0.00%"
"04/10/2016","3,290.0","3,330.0","3,390.0","3,290.0","637.55K","-2.95%"
"03/10/2016","3,390.0","3,300.0","3,390.0","3,240.0","1.77M","6.94%"
"30/09/2016","3,170.0","3,180.0","3,180.0","3,020.0","1.42M","0.96%"
"29/09/2016","3,140.0","3,230.0","3,310.0","3,120.0","919.61K","-3.98%"
"28/09/2016","3,270.0","3,310.0","3,350.0","3,250.0","439.53K","-2.68%"
"27/09/2016","3,360.0","3,420.0","3,430.0","3,300.0","495.16K","-2.04%"
"26/09/2016","3,430.0","3,480.0","3,490.0","3,420.0","368.67K","-1.72%"
"23/09/2016","3,490.0","3,450.0","3,540.0","3,450.0","897.18K","1.16%"
"22/09/2016","3,450.0","3,450.0","3,540.0","3,400.0","704.45K","1.17%"
"21/09/2016","3,410.0","3,410.0","3,490.0","3,400.0","648.52K","-0.87%"
"20/09/2016","3,440.0","3,500.0","3,510.0","3,390.0","1.07M","1.47%"
"19/09/2016","3,390.0","3,200.0","3,390.0","3,190.0","1.38M","6.94%"
"16/09/2016","3,170.0","3,100.0","3,220.0","3,060.0","830.33K","-1.25%"
"15/09/2016","3,210.0","3,220.0","3,430.0","3,210.0","2.65M","-6.96%"
"14/09/2016","3,450.0","3,650.0","3,700.0","3,450.0","1.80M","-6.76%"
"13/09/2016","3,700.0","3,900.0","3,930.0","3,700.0","566.38K","-4.15%"
"12/09/2016","3,860.0","3,910.0","3,990.0","3,860.0","663.82K","-3.50%"
"09/09/2016","4,000.0","4,000.0","4,100.0","3,900.0","541.77K","0.00%"
"08/09/2016","4,000.0","4,000.0","4,100.0","3,900.0","449.88K","0.00%"
"07/09/2016","4,000.0","4,000.0","4,100.0","3,900.0","409.47K","-2.44%"
"06/09/2016","4,100.0","4,000.0","4,100.0","3,900.0","606.17K","5.13%"
"05/09/2016","3,900.0","4,000.0","4,000.0","3,900.0","338.70K","0.00%"
"01/09/2016","3,900.0","4,100.0","4,100.0","3,900.0","1.04M","-2.50%"
"31/08/2016","4,000.0","4,100.0","4,200.0","4,000.0","535.93K","-2.44%"
"30/08/2016","4,100.0","4,000.0","4,200.0","4,000.0","658.78K","0.00%"
"29/08/2016","4,100.0","4,300.0","4,300.0","4,100.0","729.29K","-4.65%"
"26/08/2016","4,300.0","4,400.0","4,400.0","4,200.0","693.53K","0.00%"
"25/08/2016","4,300.0","4,200.0","4,300.0","4,100.0","1.62M","4.88%"
"24/08/2016","4,100.0","4,100.0","4,200.0","4,000.0","734.44K","0.00%"
"23/08/2016","4,100.0","4,000.0","4,100.0","4,000.0","451.87K","2.50%"
"22/08/2016","4,000.0","4,000.0","4,200.0","4,000.0","983.16K","-2.44%"
"19/08/2016","4,100.0","4,000.0","4,100.0","4,000.0","596.45K","2.50%"
"18/08/2016","4,000.0","4,200.0","4,200.0","4,000.0","1.17M","-2.44%"
"17/08/2016","4,100.0","4,200.0","4,300.0","4,100.0","597.48K","-2.38%"
"16/08/2016","4,200.0","4,400.0","4,400.0","4,100.0","773.04K","-2.33%"
"15/08/2016","4,300.0","4,400.0","4,500.0","4,300.0","925.96K","-4.44%"
"12/08/2016","4,500.0","4,500.0","4,600.0","4,300.0","1.94M","2.27%"
"11/08/2016","4,400.0","4,300.0","4,400.0","4,200.0","1.41M","4.76%"
"10/08/2016","4,200.0","4,000.0","4,200.0","4,000.0","1.76M","5.00%"
"09/08/2016","4,000.0","3,800.0","4,100.0","3,800.0","799.56K","2.56%"
"08/08/2016","3,900.0","3,900.0","4,100.0","3,900.0","2.51M","-4.88%"
"05/08/2016","4,100.0","4,200.0","4,400.0","4,100.0","2.20M","-6.82%"
"04/08/2016","4,400.0","4,800.0","4,900.0","4,400.0","1.51M","-6.38%"
"03/08/2016","4,700.0","4,800.0","4,800.0","4,700.0","1.41M","-4.08%"
"02/08/2016","4,900.0","5,200.0","5,200.0","4,900.0","1.76M","-5.77%"
"01/08/2016","5,200.0","5,300.0","5,300.0","5,200.0","462.80K","0.00%"
"29/07/2016","5,200.0","5,200.0","5,400.0","5,200.0","858.86K","0.00%"
"28/07/2016","5,200.0","5,500.0","5,500.0","5,200.0","2.08M","-5.45%"
"27/07/2016","5,500.0","5,800.0","5,800.0","5,500.0","1.56M","-5.17%"
"26/07/2016","5,800.0","5,600.0","5,900.0","5,600.0","401.50K","1.75%"
"25/07/2016","5,700.0","5,700.0","5,900.0","5,700.0","720.09K","-1.72%"
"22/07/2016","5,800.0","5,800.0","5,900.0","5,600.0","1.90M","-1.69%"
"21/07/2016","5,900.0","6,100.0","6,200.0","5,900.0","1.32M","-4.84%"
"20/07/2016","6,200.0","6,200.0","6,300.0","6,000.0","2.01M","0.00%"
"19/07/2016","6,200.0","6,600.0","6,600.0","6,200.0","2.59M","-1.59%"
"18/07/2016","6,300.0","6,100.0","6,300.0","6,100.0","2.40M","6.78%"
"15/07/2016","5,900.0","5,600.0","5,900.0","5,600.0","1.59M","5.36%"
"14/07/2016","5,600.0","5,700.0","5,800.0","5,600.0","845.20K","-1.75%"
"13/07/2016","5,700.0","5,500.0","5,800.0","5,500.0","1.68M","1.79%"
"12/07/2016","5,600.0","5,600.0","5,800.0","5,400.0","1.52M","-1.75%"
"11/07/2016","5,700.0","5,900.0","6,000.0","5,700.0","1.07M","-3.39%"
"08/07/2016","5,900.0","6,000.0","6,100.0","5,900.0","1.29M","-1.67%"
"07/07/2016","6,000.0","6,200.0","6,200.0","6,000.0","1.27M","-1.64%"
"06/07/2016","6,100.0","6,000.0","6,300.0","5,900.0","1.43M","1.67%"
"05/07/2016","6,000.0","5,900.0","6,300.0","5,800.0","2.65M","1.69%"
"04/07/2016","5,900.0","5,800.0","6,000.0","5,800.0","908.62K","1.72%"
"01/07/2016","5,800.0","5,800.0","5,900.0","5,700.0","944.53K","0.00%"
"30/06/2016","5,800.0","6,100.0","6,100.0","5,800.0","1.73M","-4.92%"
"29/06/2016","6,100.0","6,100.0","6,200.0","6,000.0","1.04M","1.67%"
"28/06/2016","6,000.0","5,900.0","6,200.0","5,900.0","1.60M","1.69%"
"27/06/2016","5,900.0","6,100.0","6,100.0","5,800.0","2.98M","-4.84%"
"24/06/2016","6,200.0","6,600.0","6,700.0","6,200.0","3.58M","-6.06%"
"23/06/2016","6,600.0","6,700.0","6,800.0","6,500.0","1.79M","-1.49%"
"22/06/2016","6,700.0","6,900.0","7,000.0","6,700.0","1.41M","-2.90%"
"21/06/2016","6,900.0","7,100.0","7,200.0","6,900.0","1.15M","0.00%"
"20/06/2016","6,900.0","7,100.0","7,200.0","6,900.0","1.24M","-2.82%"
"17/06/2016","7,100.0","7,200.0","7,300.0","7,000.0","1.36M","-1.39%"
"16/06/2016","7,200.0","7,300.0","7,300.0","7,200.0","1.70M","-1.37%"
"15/06/2016","7,300.0","7,300.0","7,400.0","7,200.0","973.94K","0.00%"
"14/06/2016","7,300.0","7,300.0","7,400.0","7,300.0","666.09K","0.00%"
"13/06/2016","7,300.0","7,400.0","7,500.0","7,300.0","1.29M","-1.35%"
"10/06/2016","7,400.0","7,200.0","7,600.0","7,200.0","2.40M","2.78%"
"09/06/2016","7,200.0","7,300.0","7,300.0","7,200.0","939.17K","-1.37%"
"08/06/2016","7,300.0","7,200.0","7,400.0","7,200.0","1.34M","1.39%"
"07/06/2016","7,200.0","7,200.0","7,300.0","7,200.0","1.08M","1.41%"
"06/06/2016","7,100.0","7,200.0","7,300.0","7,100.0","1.59M","-2.74%"
"03/06/2016","7,300.0","7,400.0","7,400.0","7,300.0","1.55M","0.00%"
"02/06/2016","7,300.0","7,200.0","7,500.0","7,200.0","1.64M","2.82%"
"01/06/2016","7,100.0","7,200.0","7,200.0","7,000.0","2.36M","-1.39%"
"31/05/2016","7,200.0","7,400.0","7,500.0","7,200.0","1.42M","-2.70%"
"30/05/2016","7,400.0","7,500.0","7,500.0","7,300.0","1.81M","0.00%"
"27/05/2016","7,400.0","7,300.0","7,500.0","7,300.0","2.56M","1.37%"
"26/05/2016","7,300.0","7,700.0","7,700.0","7,300.0","3.61M","-5.19%"
"25/05/2016","7,700.0","7,800.0","7,900.0","7,600.0","2.23M","-1.28%"
"24/05/2016","7,800.0","7,700.0","7,800.0","7,600.0","2.79M","1.30%"
"23/05/2016","7,700.0","8,000.0","8,000.0","7,700.0","3.19M","-3.75%"
"20/05/2016","8,000.0","8,200.0","8,300.0","7,900.0","4.05M","-3.61%"
"19/05/2016","8,300.0","8,500.0","8,600.0","8,100.0","9.15M","-1.19%"
"18/05/2016","8,400.0","8,400.0","8,400.0","8,400.0","2.54M","6.33%"
"17/05/2016","7,900.0","7,700.0","8,000.0","7,600.0","5.65M","2.60%"
"16/05/2016","7,700.0","7,800.0","8,000.0","7,700.0","6.08M","-3.75%"
"13/05/2016","8,000.0","8,200.0","8,300.0","7,900.0","7.09M","-2.44%"
"12/05/2016","8,200.0","8,000.0","8,200.0","8,000.0","7.43M","6.49%"
"11/05/2016","7,700.0","7,400.0","7,700.0","7,400.0","6.26M","6.94%"
"10/05/2016","7,200.0","7,100.0","7,300.0","6,900.0","4.07M","0.00%"
"09/05/2016","7,200.0","7,500.0","7,500.0","7,100.0","3.51M","-4.00%"
"06/05/2016","7,500.0","7,400.0","7,700.0","7,400.0","3.22M","0.00%"
"05/05/2016","7,500.0","7,900.0","7,900.0","7,500.0","3.85M","-5.06%"
"04/05/2016","7,900.0","8,000.0","8,100.0","7,900.0","2.58M","-2.47%"
"29/04/2016","8,100.0","8,100.0","8,200.0","7,900.0","2.29M","0.00%"
"28/04/2016","8,100.0","8,200.0","8,400.0","8,000.0","1.90M","-2.41%"
"27/04/2016","8,300.0","8,300.0","8,300.0","8,000.0","2.04M","0.00%"
"26/04/2016","8,300.0","8,100.0","8,500.0","8,000.0","3.11M","1.22%"
"25/04/2016","8,200.0","8,400.0","8,600.0","8,200.0","2.43M","-2.38%"
"22/04/2016","8,400.0","8,500.0","8,600.0","8,300.0","2.10M","-1.18%"
"21/04/2016","8,500.0","8,700.0","8,700.0","8,500.0","1.59M","-2.30%"
"20/04/2016","8,700.0","8,400.0","8,700.0","8,300.0","2.63M","3.57%"
"19/04/2016","8,400.0","8,700.0","8,800.0","8,400.0","2.25M","-5.62%"
"15/04/2016","8,900.0","9,100.0","9,100.0","8,900.0","4.31M","-2.20%"
"14/04/2016","9,100.0","8,800.0","9,200.0","8,800.0","4.90M","3.41%"
"13/04/2016","8,800.0","8,100.0","8,800.0","8,000.0","4.02M","6.02%"
"12/04/2016","8,300.0","8,800.0","8,900.0","8,300.0","2.69M","-6.74%"
"11/04/2016","8,900.0","9,100.0","9,200.0","8,900.0","1.77M","-3.26%"
"08/04/2016","9,200.0","9,100.0","9,400.0","9,000.0","1.79M","-1.08%"
"07/04/2016","9,300.0","9,500.0","9,600.0","9,300.0","2.64M","1.09%"
"06/04/2016","9,200.0","8,700.0","9,200.0","8,700.0","2.35M","6.98%"
"05/04/2016","8,600.0","8,400.0","8,800.0","8,400.0","3.46M","-4.44%"
"04/04/2016","9,000.0","9,200.0","9,300.0","9,000.0","1.93M","-6.25%"
"01/04/2016","9,600.0","10,100.0","10,100.0","9,600.0","2.23M","-6.80%"
"31/03/2016","10,300.0","11,100.0","11,100.0","10,300.0","2.51M","-6.36%"
"30/03/2016","11,000.0","10,600.0","11,300.0","10,600.0","8.12M","-2.65%"
"29/03/2016","11,300.0","11,800.0","12,000.0","11,300.0","3.45M","-6.61%"
"28/03/2016","12,100.0","12,400.0","12,400.0","12,100.0","2.53M","-2.42%"
"25/03/2016","12,400.0","12,400.0","12,500.0","12,200.0","2.79M","-1.59%"
"24/03/2016","12,600.0","12,300.0","12,600.0","12,200.0","2.56M","1.61%"
"23/03/2016","12,400.0","12,200.0","12,500.0","12,100.0","2.99M","0.00%"
"22/03/2016","12,400.0","13,000.0","13,000.0","12,100.0","4.18M","-4.62%"
"21/03/2016","13,000.0","13,300.0","13,500.0","13,000.0","2.71M","-4.41%"
"18/03/2016","13,600.0","13,500.0","13,600.0","13,300.0","2.51M","0.00%"
"17/03/2016","13,600.0","14,000.0","14,100.0","13,600.0","2.97M","-2.16%"
"16/03/2016","13,900.0","13,200.0","14,000.0","13,000.0","4.82M","4.51%"
"15/03/2016","13,300.0","13,400.0","13,400.0","13,000.0","2.32M","-2.21%"
"14/03/2016","13,600.0","13,600.0","13,800.0","13,400.0","2.42M","-1.45%"
"11/03/2016","13,800.0","13,800.0","13,900.0","13,500.0","2.36M","0.00%"
"10/03/2016","13,800.0","13,500.0","13,800.0","13,200.0","1.93M","2.99%"
"09/03/2016","13,400.0","13,400.0","14,300.0","13,300.0","3.29M","-4.29%"
"08/03/2016","14,000.0","14,000.0","14,000.0","14,000.0","3.20M","-6.67%"
"07/03/2016","15,000.0","15,000.0","15,000.0","15,000.0","3.97M","-6.83%"
"04/03/2016","16,100.0","16,000.0","16,400.0","15,600.0","1.90M","0.63%"
"03/03/2016","16,000.0","16,500.0","16,600.0","15,600.0","1.87M","-3.03%"
"02/03/2016","16,500.0","16,100.0","16,800.0","16,100.0","4.97M","-4.62%"
"01/03/2016","17,300.0","18,500.0","18,500.0","17,300.0","3.52M","-6.99%"
"29/02/2016","18,600.0","18,600.0","18,700.0","18,400.0","2.70M","-1.06%"
"26/02/2016","18,800.0","18,800.0","19,200.0","18,400.0","4.53M","0.00%"
"25/02/2016","18,800.0","18,700.0","18,800.0","18,400.0","2.36M","0.53%"
"24/02/2016","18,700.0","18,600.0","18,800.0","18,400.0","2.28M","0.54%"
"23/02/2016","18,600.0","18,200.0","18,600.0","17,800.0","3.31M","2.76%"
"22/02/2016","18,100.0","18,100.0","18,200.0","17,900.0","2.39M","0.00%"
"19/02/2016","18,100.0","17,700.0","18,300.0","17,700.0","2.06M","0.56%"
"18/02/2016","18,000.0","17,500.0","18,000.0","17,200.0","2.70M","2.27%"
"17/02/2016","17,600.0","17,300.0","17,600.0","16,900.0","3.17M","1.15%"
"16/02/2016","17,400.0","17,600.0","17,800.0","17,400.0","1.90M","-1.14%"
"15/02/2016","17,600.0","17,400.0","17,600.0","17,100.0","1.17M","0.57%"
"05/02/2016","17,500.0","16,900.0","17,500.0","16,900.0","1.91M","3.55%"
"04/02/2016","16,900.0","16,800.0","17,100.0","16,800.0","1.21M","0.60%"
"03/02/2016","16,800.0","16,100.0","16,800.0","15,900.0","1.53M","3.07%"
"02/02/2016","16,300.0","16,300.0","16,500.0","16,100.0","1.46M","-0.61%"
"01/02/2016","16,400.0","16,000.0","16,500.0","16,000.0","2.15M","1.86%"
"29/01/2016","16,100.0","16,000.0","16,200.0","15,800.0","1.71M","0.63%"
"28/01/2016","16,000.0","15,900.0","16,200.0","15,700.0","2.03M","0.63%"
"27/01/2016","15,900.0","15,200.0","16,000.0","15,200.0","3.02M","3.92%"
"26/01/2016","15,300.0","15,300.0","15,600.0","14,800.0","1.03M","-1.92%"
"25/01/2016","15,600.0","14,700.0","15,600.0","14,700.0","2.83M","6.85%"
"22/01/2016","14,600.0","14,400.0","14,800.0","13,800.0","2.44M","0.69%"
"21/01/2016","14,500.0","14,600.0","14,900.0","14,100.0","2.14M","-3.33%"
"20/01/2016","15,000.0","14,700.0","15,100.0","14,600.0","2.30M","0.00%"
"19/01/2016","15,000.0","14,400.0","15,000.0","14,200.0","2.72M","4.17%"
"18/01/2016","14,400.0","14,700.0","15,100.0","14,200.0","1.51M","-5.26%"
"15/01/2016","15,200.0","15,300.0","15,500.0","15,000.0","1.66M","-1.30%"
"14/01/2016","15,400.0","14,800.0","15,400.0","14,600.0","2.76M","1.32%"
"13/01/2016","15,200.0","15,100.0","15,500.0","14,600.0","2.19M","2.01%"
"12/01/2016","14,900.0","13,900.0","14,900.0","13,900.0","4.66M","6.43%"
"11/01/2016","14,000.0","13,600.0","14,000.0","13,500.0","5.06M","2.19%"
"08/01/2016","13,700.0","13,700.0","14,000.0","13,500.0","4.78M","0.00%"
"07/01/2016","13,700.0","13,400.0","13,900.0","13,300.0","1.25M","1.48%"
"06/01/2016","13,500.0","13,200.0","13,700.0","13,200.0","681.10K","1.50%"
"05/01/2016","13,300.0","13,500.0","13,700.0","13,200.0","2.01M","-2.92%"
"04/01/2016","13,700.0","13,900.0","14,300.0","13,700.0","1.13M","-1.44%"
"31/12/2015","13,900.0","13,600.0","13,900.0","13,500.0","1.15M","2.96%"
"30/12/2015","13,500.0","13,400.0","13,800.0","13,400.0","1.37M","2.27%"
"29/12/2015","13,200.0","13,100.0","13,300.0","13,000.0","405.87K","1.54%"
"28/12/2015","13,000.0","13,100.0","13,300.0","13,000.0","1.02M","0.78%"
"25/12/2015","12,900.0","13,000.0","13,200.0","12,900.0","707.85K","-0.77%"
"24/12/2015","13,000.0","13,000.0","13,200.0","12,900.0","746.70K","0.00%"
"23/12/2015","13,000.0","12,800.0","13,000.0","12,700.0","755.21K","2.36%"
"22/12/2015","12,700.0","12,600.0","12,800.0","12,500.0","531.06K","0.79%"
"21/12/2015","12,600.0","12,800.0","12,900.0","12,600.0","1.84M","-1.56%"
"18/12/2015","12,800.0","12,800.0","12,800.0","12,500.0","1.55M","-0.78%"
"17/12/2015","12,900.0","12,900.0","13,000.0","12,800.0","1.01M","0.00%"
"16/12/2015","12,900.0","13,000.0","13,200.0","12,800.0","1.33M","0.00%"
"15/12/2015","12,900.0","12,500.0","13,200.0","12,500.0","924.11K","3.20%"
"14/12/2015","12,500.0","12,200.0","12,500.0","12,100.0","637.10K","1.63%"
"11/12/2015","12,300.0","12,700.0","12,800.0","12,100.0","2.28M","-4.65%"
"10/12/2015","12,900.0","13,700.0","13,900.0","12,900.0","2.00M","-6.52%"
"09/12/2015","13,800.0","14,300.0","14,400.0","13,800.0","1.22M","-3.50%"
"08/12/2015","14,300.0","13,900.0","14,300.0","13,700.0","898.37K","2.88%"
"07/12/2015","13,900.0","14,100.0","14,500.0","13,800.0","1.53M","-1.42%"
"04/12/2015","14,100.0","14,400.0","14,400.0","14,100.0","1.06M","-2.08%"
"03/12/2015","14,400.0","14,500.0","14,700.0","14,300.0","958.56K","-1.37%"
"02/12/2015","14,600.0","14,200.0","14,800.0","14,200.0","2.21M","2.82%"
"01/12/2015","14,200.0","14,000.0","14,200.0","13,800.0","1.34M","1.43%"
"30/11/2015","14,000.0","14,200.0","14,300.0","13,800.0","1.98M","-2.10%"
"27/11/2015","14,300.0","13,900.0","14,800.0","13,800.0","3.39M","2.88%"
"26/11/2015","13,900.0","14,200.0","14,300.0","13,800.0","2.11M","-1.42%"
"25/11/2015","14,100.0","13,600.0","14,200.0","13,600.0","3.59M","3.68%"
"24/11/2015","13,600.0","13,900.0","14,100.0","13,500.0","1.83M","-1.45%"
"23/11/2015","13,800.0","13,200.0","13,800.0","13,200.0","2.60M","6.98%"
"20/11/2015","12,900.0","12,100.0","12,900.0","12,000.0","2.61M","6.61%"
"19/11/2015","12,100.0","12,000.0","12,100.0","11,900.0","770.98K","0.00%"
"18/11/2015","12,100.0","12,200.0","12,200.0","12,000.0","506.63K","-0.82%"
"17/11/2015","12,200.0","12,100.0","12,300.0","12,100.0","1.10M","0.83%"
"16/11/2015","12,100.0","11,900.0","12,400.0","11,900.0","1.49M","0.83%"
"13/11/2015","12,000.0","11,700.0","12,100.0","11,600.0","1.21M","2.56%"
"12/11/2015","11,700.0","11,600.0","11,700.0","11,300.0","541.72K","0.86%"
"11/11/2015","11,600.0","11,600.0","11,600.0","11,400.0","312.48K","0.00%"
"10/11/2015","11,600.0","11,800.0","11,800.0","11,600.0","195.49K","-1.69%"
"09/11/2015","11,800.0","11,700.0","11,800.0","11,600.0","360.94K","1.72%"
"06/11/2015","11,600.0","12,000.0","12,100.0","11,600.0","955.79K","-3.33%"
"05/11/2015","12,000.0","12,200.0","12,300.0","12,000.0","443.29K","-1.64%"
"04/11/2015","12,200.0","12,300.0","12,400.0","12,200.0","844.77K","0.00%"
"03/11/2015","12,200.0","12,200.0","12,300.0","12,000.0","874.11K","0.00%"
"02/11/2015","12,200.0","12,300.0","12,500.0","12,200.0","673.59K","-0.81%"
"30/10/2015","12,300.0","12,300.0","12,400.0","12,200.0","747.16K","0.00%"
"29/10/2015","12,300.0","12,000.0","12,500.0","12,000.0","1.95M","2.50%"
"28/10/2015","12,000.0","12,200.0","12,300.0","11,900.0","682.44K","-0.83%"
"27/10/2015","12,100.0","11,900.0","12,300.0","11,900.0","1.83M","1.68%"
"26/10/2015","11,900.0","11,400.0","11,900.0","11,400.0","2.71M","4.39%"
"23/10/2015","11,400.0","11,400.0","11,600.0","11,400.0","911.06K","0.00%"
"22/10/2015","11,400.0","11,500.0","11,600.0","11,400.0","426.39K","-0.87%"
"21/10/2015","11,500.0","11,500.0","11,600.0","11,400.0","734.54K","0.88%"
"20/10/2015","11,400.0","11,500.0","11,500.0","11,400.0","537.76K","-0.87%"
"19/10/2015","11,500.0","11,500.0","11,600.0","11,500.0","602.73K","0.00%"
"16/10/2015","11,500.0","11,600.0","11,700.0","11,500.0","1.19M","-0.86%"
"15/10/2015","11,600.0","11,600.0","11,700.0","11,600.0","783.01K","0.00%"
"14/10/2015","11,600.0","11,700.0","11,700.0","11,500.0","400.28K","-0.85%"
"13/10/2015","11,700.0","11,400.0","11,800.0","11,400.0","1.18M","3.54%"
"12/10/2015","11,300.0","12,000.0","12,100.0","11,300.0","867.35K","-5.83%"
"09/10/2015","12,000.0","11,900.0","12,100.0","11,700.0","1.08M","0.84%"
"08/10/2015","11,900.0","11,200.0","12,000.0","11,200.0","1.97M","4.39%"
"07/10/2015","11,400.0","11,400.0","11,400.0","11,200.0","776.33K","0.00%"
"06/10/2015","11,400.0","11,400.0","11,500.0","10,900.0","668.91K","0.88%"
"05/10/2015","11,300.0","11,200.0","11,300.0","11,200.0","6.12M","-5.83%"
"02/10/2015","12,000.0","12,000.0","12,000.0","12,000.0","117.37K","-6.25%"
"01/10/2015","12,800.0","12,600.0","12,800.0","12,600.0","53.51K","0.79%"
"30/09/2015","12,700.0","13,000.0","13,100.0","12,600.0","32.05K","0.00%"
"29/09/2015","12,700.0","12,400.0","12,800.0","12,400.0","17.45K","0.79%"
"28/09/2015","12,600.0","12,900.0","13,200.0","12,600.0","176.58K","-3.82%"
"25/09/2015","13,100.0","13,400.0","13,500.0","13,100.0","204.82K","-2.96%"
"24/09/2015","13,500.0","13,500.0","13,600.0","13,400.0","112.62K","-0.74%"
"23/09/2015","13,600.0","13,600.0","13,800.0","13,500.0","148.69K","0.00%"
"22/09/2015","13,600.0","13,800.0","13,800.0","13,500.0","109.17K","-1.45%"
"21/09/2015","13,800.0","14,000.0","14,100.0","13,500.0","368.29K","-2.13%"
"18/09/2015","14,100.0","13,500.0","14,300.0","13,400.0","304.54K","5.22%"
"17/09/2015","13,400.0","13,300.0","13,400.0","13,200.0","111.70K","1.52%"
"16/09/2015","13,200.0","13,000.0","13,200.0","13,000.0","78.92K","0.76%"
"15/09/2015","13,100.0","13,400.0","13,400.0","13,100.0","136.34K","-2.24%"
"14/09/2015","13,400.0","13,400.0","13,600.0","13,300.0","134.67K","-0.74%"
"11/09/2015","13,500.0","13,600.0","13,600.0","13,400.0","130.91K","-0.74%"
"10/09/2015","13,600.0","13,500.0","13,700.0","13,400.0","101.63K","-0.73%"
"09/09/2015","13,700.0","13,800.0","13,800.0","13,500.0","148.75K","0.74%"
"08/09/2015","13,600.0","13,300.0","13,900.0","13,300.0","169.50K","1.49%"
"07/09/2015","13,400.0","13,400.0","13,500.0","13,300.0","142.90K","-0.74%"
"04/09/2015","13,500.0","13,900.0","13,900.0","13,300.0","96.97K","0.00%"
"03/09/2015","13,500.0","13,900.0","13,900.0","13,500.0","146.65K","-2.88%"
"01/09/2015","13,900.0","14,000.0","14,100.0","13,700.0","183.65K","0.00%"
"31/08/2015","13,900.0","14,500.0","14,600.0","13,900.0","178.01K","-4.79%"
"28/08/2015","14,600.0","14,700.0","14,800.0","14,400.0","238.08K","0.00%"
"27/08/2015","14,600.0","14,600.0","15,000.0","14,600.0","415.85K","1.39%"
"26/08/2015","14,400.0","13,600.0","14,400.0","13,600.0","414.00K","6.67%"
"25/08/2015","13,500.0","13,400.0","13,500.0","13,100.0","149.91K","-2.88%"
"24/08/2015","13,900.0","13,900.0","14,000.0","13,200.0","721.11K","-1.42%"
"21/08/2015","14,100.0","14,100.0","14,200.0","13,700.0","1.12M","0.00%"
"20/08/2015","14,100.0","14,400.0","14,600.0","14,100.0","250.34K","-2.08%"
"19/08/2015","14,400.0","14,500.0","14,700.0","14,200.0","562.21K","-1.37%"
"18/08/2015","14,600.0","14,800.0","14,900.0","14,600.0","490.43K","-1.35%"
"17/08/2015","14,800.0","15,300.0","15,400.0","14,800.0","653.80K","-2.63%"
"14/08/2015","15,200.0","14,700.0","15,200.0","14,700.0","774.63K","4.11%"
"13/08/2015","14,600.0","14,500.0","14,800.0","14,400.0","359.53K","0.69%"
"12/08/2015","14,500.0","14,500.0","14,600.0","14,400.0","326.87K","0.00%"
"11/08/2015","14,500.0","14,700.0","14,700.0","14,300.0","321.40K","-1.36%"
"10/08/2015","14,700.0","14,800.0","14,800.0","14,500.0","163.73K","0.00%"
"07/08/2015","14,700.0","14,700.0","14,800.0","14,500.0","195.31K","0.00%"
"06/08/2015","14,700.0","14,800.0","14,800.0","14,500.0","223.15K","-0.68%"
"05/08/2015","14,800.0","14,700.0","14,900.0","14,600.0","225.85K","0.68%"
"04/08/2015","14,700.0","14,700.0","14,800.0","14,500.0","507.76K","0.00%"
"03/08/2015","14,700.0","14,900.0","14,900.0","14,600.0","311.21K","-2.00%"
"31/07/2015","15,000.0","15,000.0","15,200.0","14,900.0","412.07K","0.67%"
"30/07/2015","14,900.0","14,600.0","14,900.0","14,600.0","493.73K","1.36%"
"29/07/2015","14,700.0","14,500.0","14,800.0","14,500.0","174.11K","1.38%"
"28/07/2015","14,500.0","14,800.0","14,900.0","14,500.0","567.86K","-2.68%"
"27/07/2015","14,900.0","15,400.0","15,400.0","14,800.0","161.52K","-2.61%"
"24/07/2015","15,300.0","15,200.0","15,400.0","15,100.0","203.24K","0.00%"
"23/07/2015","15,300.0","15,600.0","15,600.0","15,200.0","418.74K","-1.29%"
"22/07/2015","15,500.0","15,600.0","15,600.0","15,100.0","216.89K","0.00%"
"21/07/2015","15,500.0","16,100.0","16,100.0","15,500.0","464.42K","-3.13%"
"20/07/2015","16,000.0","16,000.0","16,000.0","15,500.0","292.31K","-1.23%"
"17/07/2015","16,200.0","16,400.0","16,400.0","16,100.0","405.47K","0.00%"
"16/07/2015","16,200.0","16,000.0","16,200.0","16,000.0","321.47K","1.89%"
"15/07/2015","15,900.0","16,000.0","16,100.0","15,900.0","460.76K","0.63%"
"14/07/2015","15,800.0","16,600.0","16,600.0","15,700.0","2.15M","1.28%"
"13/07/2015","15,600.0","15,600.0","15,600.0","15,600.0","293.51K","6.48%"
"10/07/2015","14,650.0","15,105.0","15,105.0","14,498.0","1.39M","-1.53%"
"09/07/2015","14,878.0","14,802.0","15,181.0","14,802.0","998.38K","0.51%"
"08/07/2015","14,802.0","15,333.0","15,333.0","14,802.0","1.02M","-3.46%"
"07/07/2015","15,333.0","15,333.0","15,333.0","15,181.0","666.56K","0.00%"
"06/07/2015","15,333.0","15,637.0","15,637.0","15,257.0","717.12K","-1.94%"
"03/07/2015","15,637.0","15,030.0","15,789.0","14,954.0","799.46K","3.00%"
"02/07/2015","15,181.0","15,257.0","15,257.0","14,802.0","854.89K","-0.50%"
"01/07/2015","15,257.0","15,485.0","15,561.0","14,954.0","1.01M","0.50%"
"30/06/2015","15,181.0","15,789.0","15,789.0","15,105.0","856.91K","-3.85%"
"29/06/2015","15,789.0","15,940.0","15,940.0","15,485.0","420.36K","-0.95%"
"26/06/2015","15,940.0","15,940.0","16,320.0","15,713.0","503.86K","0.96%"
"25/06/2015","15,789.0","15,940.0","15,940.0","15,485.0","712.70K","-0.95%"
"24/06/2015","15,940.0","16,320.0","16,396.0","15,637.0","1.08M","-3.23%"
"23/06/2015","16,472.0","16,927.0","16,927.0","16,244.0","1.51M","-2.69%"
"22/06/2015","16,927.0","17,231.0","17,307.0","16,927.0","1.02M","-3.05%"
"19/06/2015","17,459.0","17,990.0","18,445.0","17,383.0","1.64M","-1.71%"
"18/06/2015","17,762.0","16,699.0","17,762.0","16,472.0","2.13M","6.85%"
"17/06/2015","16,624.0","16,699.0","16,927.0","16,396.0","1.48M","-0.90%"
"16/06/2015","16,775.0","17,079.0","17,534.0","16,775.0","3.03M","-3.92%"
"15/06/2015","17,459.0","17,762.0","17,914.0","17,383.0","744.16K","-1.71%"
"12/06/2015","17,762.0","17,459.0","18,142.0","17,459.0","1.34M","2.18%"
"11/06/2015","17,383.0","16,624.0","17,762.0","16,548.0","717.75K","4.57%"
"10/06/2015","16,624.0","16,624.0","16,699.0","16,244.0","348.28K","0.00%"
"09/06/2015","16,624.0","17,079.0","17,079.0","16,472.0","419.27K","-3.10%"
"08/06/2015","17,155.0","16,927.0","17,459.0","16,851.0","884.16K","1.80%"
"05/06/2015","16,851.0","16,775.0","16,927.0","16,396.0","608.85K","0.00%"
"04/06/2015","16,851.0","16,699.0","17,003.0","16,548.0","604.74K","1.37%"
"03/06/2015","16,624.0","16,168.0","16,624.0","15,940.0","483.83K","3.31%"
"02/06/2015","16,092.0","15,865.0","16,548.0","15,789.0","1.46M","1.43%"
"01/06/2015","15,865.0","16,244.0","16,320.0","15,789.0","464.04K","-2.33%"
"29/05/2015","16,244.0","16,548.0","16,548.0","16,168.0","290.23K","-2.29%"
"28/05/2015","16,624.0","16,624.0","16,851.0","16,396.0","720.44K","0.00%"
"27/05/2015","16,624.0","15,561.0","16,624.0","15,485.0","1.45M","6.83%"
"26/05/2015","15,561.0","15,409.0","15,940.0","15,257.0","495.07K","-3.75%"
"25/05/2015","16,168.0","16,472.0","16,472.0","15,789.0","426.72K","-1.85%"
"22/05/2015","16,472.0","16,548.0","16,548.0","16,244.0","556.71K","-1.36%"
"21/05/2015","16,699.0","17,079.0","17,079.0","15,940.0","1.18M","-2.22%"
"20/05/2015","17,079.0","16,927.0","17,231.0","16,016.0","659.85K","0.90%"
"19/05/2015","16,927.0","16,548.0","17,003.0","16,320.0","752.03K","1.82%"
"18/05/2015","16,624.0","16,927.0","17,003.0","16,396.0","805.91K","-1.35%"
"15/05/2015","16,851.0","17,307.0","17,610.0","16,851.0","514.21K","-1.77%"
"14/05/2015","17,155.0","16,320.0","17,155.0","16,320.0","769.66K","6.61%"
"13/05/2015","16,092.0","16,396.0","16,472.0","16,092.0","271.41K","-1.40%"
"12/05/2015","16,320.0","16,472.0","16,624.0","16,092.0","365.50K","-0.92%"
"11/05/2015","16,472.0","16,244.0","16,548.0","16,244.0","788.63K","1.40%"
"08/05/2015","16,244.0","15,865.0","16,320.0","15,865.0","298.21K","0.47%"
"07/05/2015","16,168.0","15,789.0","16,168.0","15,561.0","288.75K","2.40%"
"06/05/2015","15,789.0","15,940.0","15,940.0","15,485.0","323.07K","-0.95%"
"05/05/2015","15,940.0","15,940.0","16,092.0","15,181.0","392.11K","0.47%"
"04/05/2015","15,865.0","17,155.0","17,307.0","15,865.0","591.32K","-6.69%"
"27/04/2015","17,003.0","17,079.0","17,231.0","16,851.0","184.06K","0.00%"
"24/04/2015","17,003.0","16,927.0","17,383.0","16,851.0","298.31K","0.90%"
"23/04/2015","16,851.0","17,307.0","17,459.0","16,851.0","392.92K","-2.21%"
"22/04/2015","17,231.0","17,762.0","17,838.0","17,231.0","400.29K","-3.40%"
"21/04/2015","17,838.0","18,142.0","18,142.0","17,610.0","450.99K","-1.68%"
"20/04/2015","18,142.0","17,838.0","18,218.0","17,610.0","548.62K","2.58%"
"17/04/2015","17,686.0","16,699.0","17,686.0","16,699.0","653.10K","6.88%"
"16/04/2015","16,548.0","17,383.0","17,459.0","16,548.0","546.05K","-4.80%"
"15/04/2015","17,383.0","17,383.0","17,459.0","17,079.0","394.06K","0.44%"
"14/04/2015","17,307.0","17,459.0","17,838.0","17,003.0","508.97K","-0.87%"
"13/04/2015","17,459.0","17,762.0","18,597.0","17,459.0","844.56K","-5.35%"
"10/04/2015","18,445.0","19,280.0","19,280.0","18,445.0","322.19K","-3.19%"
"09/04/2015","19,053.0","19,128.0","19,128.0","18,294.0","495.93K","0.40%"
"08/04/2015","18,977.0","19,280.0","19,736.0","18,977.0","1.28M","-6.71%"
"07/04/2015","20,343.0","19,128.0","20,343.0","18,597.0","1.17M","5.10%"
"06/04/2015","19,356.0","19,736.0","19,736.0","18,901.0","561.06K","1.59%"
"03/04/2015","19,053.0","17,914.0","19,053.0","17,155.0","1.52M","6.81%"
"02/04/2015","17,838.0","17,534.0","17,838.0","17,307.0","494.96K","-3.29%"
"01/04/2015","18,445.0","18,369.0","18,749.0","18,369.0","1.11M","-6.54%"
"31/03/2015","19,736.0","19,736.0","19,736.0","18,977.0","524.92K","1.56%"
"30/03/2015","19,432.0","18,597.0","19,432.0","18,445.0","1.50M","6.66%"
"27/03/2015","18,218.0","16,775.0","18,218.0","16,775.0","1.32M","6.67%"
"26/03/2015","17,079.0","16,699.0","17,459.0","16,699.0","391.61K","-1.75%"
"25/03/2015","17,383.0","17,459.0","18,369.0","17,383.0","850.72K","-4.58%"
"24/03/2015","18,218.0","18,142.0","18,597.0","17,914.0","1.61M","2.13%"
"23/03/2015","17,838.0","17,686.0","17,838.0","17,307.0","574.06K","6.82%"
"20/03/2015","16,699.0","16,548.0","16,699.0","16,092.0","1.00M","6.79%"
"19/03/2015","15,637.0","15,637.0","15,637.0","15,637.0","251.66K","6.74%"
"18/03/2015","14,650.0","14,650.0","14,650.0","14,650.0","13.89K","6.63%"
"17/03/2015","13,739.0","13,739.0","13,739.0","13,739.0","8.35K","-16.61%"
"16/03/2015","16,476.0","16,006.0","16,906.0","15,771.0","1.32M","2.94%"
"13/03/2015","16,006.0","16,163.0","16,163.0","15,967.0","669.33K","-0.73%"
"12/03/2015","16,123.0","15,889.0","16,202.0","15,771.0","1.15M","0.73%"
"11/03/2015","16,006.0","15,967.0","16,006.0","15,771.0","976.84K","0.00%"
"10/03/2015","16,006.0","16,045.0","16,045.0","15,849.0","1.19M","-0.24%"
"09/03/2015","16,045.0","16,045.0","16,163.0","15,849.0","1.08M","-0.48%"
"06/03/2015","16,123.0","16,241.0","16,280.0","15,928.0","936.29K","-0.73%"
"05/03/2015","16,241.0","16,436.0","16,515.0","16,006.0","1.28M","-0.95%"
"04/03/2015","16,397.0","16,358.0","16,436.0","15,967.0","2.27M","0.48%"
"03/03/2015","16,319.0","16,671.0","16,671.0","16,045.0","1.62M","-1.88%"
"02/03/2015","16,632.0","16,867.0","17,023.0","16,319.0","1.22M","-1.16%"
"27/02/2015","16,828.0","16,867.0","16,984.0","16,710.0","487.93K","0.00%"
"26/02/2015","16,828.0","17,023.0","17,180.0","16,789.0","567.84K","-1.15%"
"25/02/2015","17,023.0","17,219.0","17,297.0","16,867.0","552.97K","-1.14%"
"24/02/2015","17,219.0","17,650.0","17,650.0","16,906.0","468.59K","-2.23%"
"13/02/2015","17,611.0","17,650.0","17,806.0","17,454.0","590.61K","0.00%"
"12/02/2015","17,611.0","17,611.0","17,806.0","17,571.0","672.89K","0.45%"
"11/02/2015","17,532.0","16,867.0","17,571.0","16,867.0","911.04K","4.18%"
"10/02/2015","16,828.0","16,789.0","16,906.0","16,710.0","372.82K","0.47%"
"09/02/2015","16,750.0","16,867.0","16,945.0","16,750.0","616.90K","-0.92%"
"06/02/2015","16,906.0","16,984.0","17,102.0","16,906.0","696.91K","-0.46%"
"05/02/2015","16,984.0","16,750.0","17,063.0","16,476.0","681.65K","0.93%"
"04/02/2015","16,828.0","16,045.0","16,828.0","16,045.0","940.50K","-2.27%"
"03/02/2015","17,219.0","17,611.0","17,650.0","16,397.0","1.11M","-2.23%"
"02/02/2015","17,611.0","18,276.0","18,276.0","17,023.0","1.13M","-3.64%"
"30/01/2015","18,276.0","18,980.0","19,019.0","18,276.0","463.97K","-6.60%"
"29/01/2015","19,567.0","18,471.0","19,567.0","17,454.0","853.19K","5.26%"
"28/01/2015","18,589.0","18,628.0","18,628.0","17,493.0","1.26M","-1.04%"
"27/01/2015","18,785.0","18,980.0","18,980.0","17,689.0","1.35M","-1.03%"
"26/01/2015","18,980.0","19,763.0","20,350.0","18,589.0","1.08M","-4.91%"
"23/01/2015","19,959.0","20,937.0","20,937.0","19,293.0","1.49M","-3.77%"
"22/01/2015","20,741.0","20,937.0","20,937.0","19,450.0","615.32K","0.00%"
"21/01/2015","20,741.0","21,328.0","21,524.0","19,959.0","417.00K","-2.75%"
"20/01/2015","21,328.0","21,524.0","21,720.0","19,959.0","733.24K","0.00%"
"19/01/2015","21,328.0","21,328.0","21,328.0","21,328.0","808.24K","6.86%"
"16/01/2015","19,959.0","18,863.0","19,959.0","18,785.0","1.16M","6.03%"
"15/01/2015","18,824.0","18,863.0","18,980.0","18,824.0","275.08K","0.00%"
"14/01/2015","18,824.0","18,863.0","18,941.0","18,628.0","203.79K","0.00%"
"13/01/2015","18,824.0","19,019.0","19,137.0","18,785.0","325.60K","-1.23%"
"12/01/2015","19,058.0","19,411.0","19,567.0","18,198.0","775.53K","-2.60%"
"09/01/2015","19,567.0","18,941.0","19,959.0","18,941.0","619.61K","3.52%"
"08/01/2015","18,902.0","17,767.0","18,902.0","17,767.0","859.70K","6.86%"
"07/01/2015","17,689.0","16,593.0","17,689.0","16,593.0","868.31K","6.86%"
"06/01/2015","16,554.0","16,436.0","16,554.0","16,397.0","217.17K","0.72%"
"05/01/2015","16,436.0","16,828.0","16,828.0","16,397.0","260.21K","-2.10%"