Date,Close,Open,High,Low,Volume
2020-05-06,4500.0,4500.0,4500.0,4400.0,700.0
2020-05-05,4300.0,4400.0,4400.0,4300.0,1100.0
2020-05-04,4700.0,4700.0,4700.0,4700.0,0.0
2020-04-29,4700.0,4100.0,4700.0,4100.0,200.0
2020-04-28,4400.0,4500.0,4500.0,4400.0,7600.0
2020-04-27,4400.0,4500.0,4500.0,4400.0,10100.0
2020-04-24,4800.0,4500.0,4800.0,4500.0,200.0
2020-04-23,4900.0,4200.0,4900.0,4200.0,300.0
2020-04-22,4500.0,4500.0,4500.0,4500.0,4200.0
2020-04-21,4600.0,4400.0,5200.0,4400.0,1100.0
2020-04-20,4800.0,4800.0,4800.0,4800.0,0.0
2020-04-17,4800.0,4800.0,4800.0,4800.0,500.0
2020-04-16,4800.0,4800.0,4800.0,4800.0,500.0
2020-04-15,4800.0,4800.0,4800.0,4800.0,400.0
2020-04-14,4400.0,4400.0,4400.0,4400.0,100.0
2020-04-13,4000.0,4000.0,4000.0,4000.0,100.0
2020-04-10,4300.0,4300.0,4300.0,4300.0,0.0
2020-04-09,4300.0,3800.0,4500.0,3800.0,9500.0
2020-04-08,4100.0,4100.0,4100.0,4100.0,0.0
2020-04-07,4100.0,4100.0,4100.0,4100.0,15000.0
2020-04-06,4100.0,4200.0,4200.0,4100.0,3500.0
2020-04-03,4300.0,4300.0,4300.0,4100.0,7600.0
2020-04-01,4200.0,4200.0,4200.0,4200.0,1100.0
2020-03-31,4500.0,5000.0,5000.0,4500.0,1800.0
2020-03-26,4900.0,4900.0,4900.0,4900.0,4100.0
2020-03-25,5400.0,5700.0,5700.0,5200.0,6200.0
2020-03-16,5200.0,5200.0,5200.0,5200.0,1400.0
2020-03-13,5200.0,5400.0,5400.0,5000.0,6100.0
2020-03-12,5500.0,5700.0,5700.0,5500.0,1400.0
2020-03-11,6000.0,6000.0,6000.0,6000.0,2000.0
2020-03-06,6400.0,6400.0,6400.0,6400.0,1000.0
2020-03-05,6600.0,5500.0,6600.0,5500.0,1300.0
2020-03-04,6000.0,6000.0,6200.0,6000.0,4500.0
2020-03-03,6500.0,6500.0,6500.0,6500.0,1100.0
2020-02-25,6600.0,6600.0,6600.0,6600.0,100.0
2020-02-20,6600.0,6600.0,6600.0,6600.0,5100.0
2020-02-19,6600.0,6600.0,6600.0,6600.0,5000.0
2020-02-17,6600.0,6600.0,6600.0,6600.0,1500.0
2020-02-14,6600.0,6600.0,6600.0,6600.0,2000.0
2020-02-13,6600.0,6500.0,6600.0,6500.0,2900.0
2020-02-12,6600.0,6500.0,6600.0,6500.0,2000.0
2020-02-11,6500.0,6500.0,6500.0,6500.0,2100.0
2020-02-07,6700.0,6700.0,6700.0,6700.0,300.0
2020-02-06,6500.0,6500.0,6500.0,6500.0,2600.0
2020-02-04,6500.0,6500.0,6500.0,6500.0,1000.0
2020-02-03,6600.0,6600.0,6600.0,6600.0,2000.0
2020-01-31,6600.0,6500.0,6600.0,6000.0,1000.0
2020-01-30,6600.0,6600.0,6600.0,6600.0,1000.0
2020-01-22,6700.0,6700.0,6700.0,6700.0,1100.0
2020-01-21,6600.0,6600.0,6600.0,6600.0,300.0
2020-01-20,6600.0,6600.0,6600.0,6600.0,1600.0
2020-01-17,6600.0,6000.0,6600.0,6000.0,4100.0
2020-01-16,6300.0,6300.0,6300.0,6300.0,800.0
2020-01-15,6800.0,6700.0,6900.0,6700.0,1800.0
2020-01-13,6900.0,6900.0,6900.0,6900.0,400.0
2020-01-07,6800.0,6800.0,6800.0,6800.0,0.0
2019-12-06,7500.0,7500.0,7500.0,7500.0,100.0
2019-12-05,7000.0,7000.0,7000.0,7000.0,400.0
2019-12-03,7000.0,7100.0,7100.0,7000.0,5000.0
2019-12-02,7400.0,7400.0,7400.0,7400.0,1100.0
2019-11-29,7600.0,7600.0,7600.0,7600.0,110.0
2019-11-28,7600.0,7600.0,7600.0,7600.0,500.0
2019-11-25,7600.0,7600.0,7600.0,7600.0,500.0
2019-11-20,7900.0,8000.0,8000.0,7900.0,2200.0
2019-11-15,8000.0,8000.0,8000.0,8000.0,2000.0
2019-11-11,8000.0,8000.0,8000.0,8000.0,100.0
2019-11-07,8000.0,8000.0,8000.0,8000.0,100.0
2019-11-06,7600.0,7600.0,7600.0,7600.0,100.0
2019-11-05,8100.0,8000.0,8100.0,8000.0,800.0
2019-10-29,8400.0,8400.0,8400.0,8400.0,3000.0
2019-10-21,8100.0,7500.0,8100.0,7500.0,2200.0
2019-10-18,7400.0,7800.0,7800.0,7400.0,200.0
2019-10-15,8100.0,8100.0,8100.0,8100.0,2000.0
2019-10-08,8100.0,8100.0,8100.0,8100.0,400.0
2019-10-07,8400.0,8400.0,8400.0,8400.0,1400.0
2019-10-04,8400.0,8400.0,8400.0,8400.0,5000.0
2019-10-03,8400.0,8500.0,8500.0,8400.0,5000.0
2019-10-02,8400.0,8400.0,8400.0,8400.0,5000.0
2019-10-01,8400.0,8400.0,8400.0,8400.0,400.0
2019-09-27,8400.0,8400.0,8400.0,8400.0,710.0
2019-09-26,8400.0,8400.0,8400.0,8400.0,8000.0
2019-09-25,8400.0,8400.0,8400.0,8400.0,8000.0
2019-09-24,8400.0,8400.0,8400.0,8400.0,5000.0
2019-09-20,8400.0,8400.0,8400.0,8400.0,10700.0
2019-09-19,8400.0,8500.0,8500.0,8400.0,5100.0
2019-09-18,8400.0,8400.0,8400.0,8400.0,100.0
2019-09-17,8400.0,8400.0,8400.0,8400.0,3500.0
2019-09-13,8100.0,9000.0,9000.0,8100.0,1700.0
2019-09-11,8900.0,8900.0,8900.0,8900.0,900.0
2019-09-10,8900.0,8600.0,8900.0,8600.0,900.0
2019-08-30,9200.0,9000.0,9200.0,9000.0,10700.0
2019-08-28,9000.0,9000.0,9000.0,9000.0,6200.0
2019-08-26,8600.0,8600.0,8600.0,8600.0,1000.0
2019-08-19,8600.0,8600.0,8600.0,8600.0,100.0
2019-08-15,8400.0,8400.0,8400.0,8400.0,100.0
2019-08-12,8100.0,8100.0,8100.0,8100.0,100.0
2019-08-09,9000.0,9000.0,9000.0,9000.0,500.0
2019-08-06,8900.0,8900.0,8900.0,8900.0,14700.0
2019-08-05,8900.0,8900.0,8900.0,8900.0,4900.0
2019-08-01,8900.0,8900.0,8900.0,8900.0,700.0
2019-07-23,9100.0,9100.0,9100.0,9100.0,200.0
2019-07-17,9700.0,9700.0,9800.0,9700.0,2000.0
2019-07-16,9000.0,9000.0,9000.0,9000.0,1000.0
2019-07-10,9000.0,8900.0,9000.0,8900.0,200.0
2019-07-09,8900.0,8900.0,8900.0,8900.0,3500.0
2019-07-04,8900.0,8900.0,8900.0,8900.0,7700.0
2019-07-03,8900.0,8900.0,8900.0,8900.0,12300.0
2019-07-02,8900.0,8800.0,8900.0,8800.0,7200.0
2019-07-01,8600.0,8600.0,8600.0,8600.0,100.0
2019-06-24,9000.0,9000.0,9000.0,9000.0,2500.0
2019-06-19,9000.0,9000.0,9000.0,9000.0,18300.0
2019-06-17,9000.0,9000.0,9000.0,9000.0,900.0
2019-06-10,9000.0,9000.0,9000.0,9000.0,100.0
2019-06-07,9000.0,9000.0,9000.0,9000.0,2200.0
2019-06-06,9000.0,9000.0,9000.0,9000.0,1300.0
2019-06-05,9000.0,9000.0,9100.0,9000.0,19300.0
2019-06-04,9000.0,9000.0,9000.0,9000.0,18000.0
2019-06-03,9000.0,9000.0,9000.0,9000.0,13400.0
2019-05-31,9000.0,9000.0,9000.0,9000.0,20200.0
2019-05-30,9000.0,9000.0,9000.0,9000.0,13000.0
2019-05-29,9000.0,9000.0,9000.0,9000.0,7200.0
2019-05-28,9000.0,9000.0,9000.0,9000.0,4000.0
2019-05-27,9000.0,9000.0,9000.0,9000.0,3000.0
2019-05-24,9000.0,9000.0,9000.0,9000.0,7000.0
2019-05-23,9000.0,9000.0,9000.0,9000.0,15200.0
2019-05-22,9000.0,9000.0,9000.0,9000.0,10200.0
2019-05-21,9000.0,9000.0,9000.0,9000.0,9000.0
2019-05-20,9000.0,9000.0,9000.0,9000.0,11100.0
2019-05-17,9000.0,9000.0,9000.0,9000.0,2100.0
2019-05-16,9000.0,9000.0,9000.0,9000.0,1300.0
2019-05-15,9000.0,8400.0,9000.0,8400.0,3300.0
2019-05-10,9000.0,9000.0,9000.0,9000.0,130.0
2019-05-02,9100.0,9100.0,9100.0,9100.0,200.0
2019-04-26,9000.0,9000.0,9000.0,9000.0,5000.0
2019-04-25,9000.0,9000.0,9000.0,9000.0,5000.0
2019-04-24,9100.0,9100.0,9100.0,9100.0,3000.0
2019-04-23,9100.0,9100.0,9100.0,9100.0,7700.0
2019-04-22,9100.0,9100.0,9100.0,9100.0,10080.0
2019-04-19,9100.0,9100.0,9100.0,9100.0,15700.0
2019-04-18,9100.0,9100.0,9100.0,9100.0,7730.0
2019-04-17,9100.0,9100.0,9100.0,9100.0,2500.0
2019-04-16,9000.0,9000.0,9000.0,9000.0,1800.0
2019-04-08,9700.0,9700.0,9700.0,9700.0,1700.0
2019-04-05,9500.0,9500.0,9500.0,9500.0,1800.0
2019-04-04,9500.0,9300.0,9500.0,9300.0,1800.0
2019-03-29,9300.0,10100.0,10100.0,9300.0,200.0
2019-03-28,9200.0,9200.0,9200.0,9200.0,1000.0
2019-03-27,9200.0,9000.0,9300.0,9000.0,7200.0
2019-03-26,9000.0,9000.0,9000.0,9000.0,4200.0
2019-03-25,8800.0,9000.0,9000.0,8800.0,9600.0
2019-03-22,9000.0,9000.0,9100.0,9000.0,9300.0
2019-03-21,9000.0,9200.0,9200.0,9000.0,2830.0
2019-03-20,9200.0,9100.0,9200.0,9100.0,5700.0
2019-03-19,9100.0,9000.0,9100.0,9000.0,8900.0
2019-03-18,9000.0,9000.0,9000.0,9000.0,9930.0
2019-03-15,9000.0,8900.0,9000.0,8900.0,2200.0
2019-03-14,8900.0,8900.0,8900.0,8900.0,1500.0
2019-03-13,8900.0,9000.0,9000.0,8900.0,650.0
2019-03-12,9100.0,8900.0,9100.0,8900.0,6900.0
2019-03-11,9000.0,8900.0,9000.0,8900.0,8800.0
2019-03-08,8900.0,9000.0,9000.0,8900.0,11700.0
2019-03-07,9000.0,8900.0,9000.0,8900.0,7300.0
2019-03-06,8900.0,9100.0,9300.0,8500.0,15010.0
2019-03-05,9300.0,9100.0,9300.0,8900.0,15900.0
2019-03-04,9100.0,8900.0,9100.0,8900.0,13100.0
2019-03-01,8900.0,9000.0,9000.0,8900.0,6100.0
2019-02-28,9000.0,9400.0,9400.0,9000.0,500.0
2019-02-27,9400.0,9500.0,9500.0,8500.0,2220.0
2019-02-26,8700.0,9700.0,9700.0,8700.0,200.0
2019-02-25,8900.0,9700.0,9700.0,8900.0,300.0
2019-02-20,9700.0,9700.0,9700.0,9700.0,200.0
2019-02-18,10000.0,9600.0,10000.0,9600.0,9100.0
2019-02-15,9600.0,9600.0,9600.0,8900.0,4000.0
2019-02-14,8800.0,9900.0,9900.0,8800.0,4010.0
2019-02-13,9000.0,10200.0,10200.0,9000.0,200.0
2019-02-12,9300.0,9300.0,9300.0,9300.0,100.0
2019-01-30,9800.0,9800.0,9800.0,9800.0,500.0
2019-01-28,9000.0,9000.0,9000.0,9000.0,1000.0
2019-01-24,9100.0,9100.0,9100.0,9100.0,100.0
2019-01-22,9900.0,9300.0,9900.0,9200.0,5100.0
2019-01-18,9600.0,10000.0,10400.0,9600.0,6200.0
2019-01-17,10600.0,9600.0,10600.0,9600.0,1200.0
2019-01-15,10600.0,9500.0,10600.0,8800.0,8300.0
2019-01-14,9700.0,9700.0,9700.0,9700.0,500.0
2019-01-10,9600.0,10200.0,10200.0,9600.0,2610.0
2019-01-02,10600.0,10200.0,10600.0,10200.0,1600.0
2018-12-28,10200.0,10200.0,10200.0,10200.0,900.0
2018-12-27,10700.0,10700.0,10700.0,10700.0,1500.0
2018-12-26,10700.0,10700.0,10700.0,10700.0,5600.0
2018-12-25,10200.0,10200.0,10200.0,10200.0,5500.0
2018-12-24,10100.0,11000.0,11000.0,10100.0,10800.0
2018-12-17,11000.0,11000.0,11000.0,11000.0,5100.0
2018-12-14,11000.0,11000.0,11000.0,11000.0,600.0
2018-12-13,11000.0,11000.0,11000.0,11000.0,500.0
2018-12-11,11000.0,10900.0,11000.0,10900.0,900.0
2018-12-10,10900.0,10900.0,10900.0,10900.0,100.0
2018-12-06,10900.0,10500.0,10900.0,10500.0,3100.0
2018-12-04,11600.0,10600.0,11600.0,10500.0,5200.0
2018-12-03,11600.0,10300.0,11600.0,10300.0,200.0
2018-11-30,11400.0,11400.0,11400.0,11400.0,100.0
2018-11-21,11200.0,11200.0,11200.0,11200.0,400.0
2018-11-20,11200.0,11200.0,11200.0,11200.0,300.0
2018-11-19,11100.0,11100.0,11100.0,11000.0,800.0
2018-11-16,11400.0,11500.0,11500.0,11400.0,600.0
2018-11-15,11500.0,11000.0,11500.0,11000.0,400.0
2018-11-14,11100.0,11100.0,11100.0,10900.0,12400.0
2018-11-13,10900.0,11000.0,11100.0,10900.0,12100.0
2018-11-12,10900.0,11000.0,11000.0,10900.0,5100.0
2018-11-09,11000.0,11100.0,11100.0,10900.0,4400.0
2018-11-08,11000.0,11100.0,11100.0,11000.0,1300.0
2018-11-02,11000.0,11200.0,11200.0,11000.0,1000.0
2018-10-31,11500.0,11500.0,11500.0,11500.0,2300.0
2018-10-26,11500.0,11500.0,11500.0,11500.0,3000.0
2018-10-25,11600.0,11600.0,11600.0,11600.0,1500.0
2018-10-24,11600.0,11600.0,11600.0,11600.0,2200.0
2018-10-23,11600.0,11600.0,11600.0,11600.0,2300.0
2018-10-22,11600.0,11500.0,11600.0,11500.0,7900.0
2018-10-19,11600.0,11600.0,11600.0,11600.0,2600.0
2018-10-16,11600.0,11600.0,11600.0,11600.0,100.0
2018-10-15,11600.0,11600.0,11600.0,11600.0,700.0
2018-10-12,11600.0,11500.0,11600.0,11500.0,1000.0
2018-10-11,11900.0,11600.0,11900.0,11000.0,2000.0
2018-10-10,11900.0,11900.0,11900.0,11900.0,100.0
2018-10-09,11800.0,11800.0,11800.0,11800.0,900.0
2018-10-08,11400.0,11400.0,11400.0,11400.0,230.0
2018-10-04,11900.0,11900.0,11900.0,11900.0,600.0
2018-10-03,11900.0,11900.0,11900.0,11900.0,400.0
2018-10-01,11800.0,11800.0,11800.0,11800.0,8400.0
2018-09-28,11800.0,11800.0,11800.0,11800.0,2600.0
2018-09-27,11800.0,11800.0,11800.0,11800.0,500.0
2018-09-25,12000.0,12000.0,12000.0,12000.0,100.0
2018-09-20,11700.0,11900.0,11900.0,11700.0,8400.0
2018-09-18,11600.0,11600.0,11600.0,11600.0,800.0
2018-09-17,11000.0,11300.0,11300.0,11000.0,600.0
2018-09-14,11900.0,11900.0,11900.0,11900.0,1200.0
2018-09-11,11900.0,11900.0,11900.0,11900.0,100.0
2018-09-05,11900.0,11900.0,11900.0,11900.0,200.0
2018-09-04,11900.0,11900.0,11900.0,11900.0,18000.0
2018-08-31,11900.0,11900.0,11900.0,11900.0,10000.0
2018-08-28,11900.0,11900.0,11900.0,11900.0,11000.0
2018-08-27,11800.0,11800.0,11800.0,11800.0,100.0
2018-08-23,11800.0,11800.0,11800.0,11800.0,210.0
2018-08-22,11800.0,11900.0,11900.0,11800.0,3000.0
2018-08-21,11900.0,11900.0,11900.0,11900.0,100.0
2018-08-17,11900.0,11900.0,11900.0,11900.0,6000.0
2018-08-16,11900.0,11900.0,11900.0,11900.0,300.0
2018-08-15,11900.0,11800.0,11900.0,11800.0,2500.0
2018-08-14,11700.0,11700.0,11700.0,11700.0,4800.0
2018-08-13,11800.0,11800.0,11800.0,11800.0,1200.0
2018-08-10,11800.0,11800.0,12000.0,11800.0,14000.0
2018-08-09,11800.0,11800.0,11800.0,11800.0,100.0
2018-08-08,11800.0,11800.0,11800.0,11800.0,200.0
2018-08-03,11900.0,11900.0,11900.0,11900.0,2800.0
2018-08-02,11900.0,11900.0,11900.0,11900.0,28500.0
2018-08-01,11900.0,11900.0,11900.0,11900.0,18100.0
2018-07-31,11800.0,11900.0,11900.0,11600.0,11200.0
2018-07-30,11900.0,12200.0,12200.0,11900.0,2200.0
2018-07-27,12200.0,11900.0,12200.0,11700.0,3450.0
2018-07-26,12400.0,11800.0,12400.0,11800.0,2300.0
2018-07-25,11900.0,11800.0,12000.0,11800.0,4000.0
2018-07-24,11700.0,11900.0,11900.0,11700.0,29400.0
2018-07-23,11900.0,11900.0,11900.0,11900.0,2100.0
2018-07-20,11900.0,12000.0,12000.0,11800.0,6500.0
2018-07-19,12000.0,12000.0,12000.0,12000.0,900.0
2018-07-18,12000.0,12000.0,12000.0,11900.0,8200.0
2018-07-12,11900.0,11900.0,11900.0,11900.0,21800.0
2018-07-11,11900.0,11900.0,11900.0,11900.0,2700.0
2018-07-10,11900.0,11900.0,11900.0,11900.0,1000.0
2018-07-06,11900.0,12000.0,12000.0,11900.0,4100.0
2018-07-05,11900.0,12100.0,12100.0,11900.0,7000.0
2018-07-04,11900.0,11800.0,11900.0,11800.0,22200.0
2018-07-03,11800.0,11800.0,11800.0,11800.0,9900.0
2018-07-02,11900.0,11800.0,11900.0,11800.0,2000.0
2018-06-29,11800.0,11800.0,11800.0,11800.0,4900.0
2018-06-27,11900.0,11900.0,11900.0,11900.0,500.0
2018-06-25,12000.0,12100.0,12100.0,12000.0,1000.0
2018-06-22,12000.0,12100.0,12100.0,12000.0,8800.0
2018-06-21,12000.0,12200.0,12200.0,12000.0,9700.0
2018-06-20,12000.0,12000.0,12000.0,12000.0,4700.0
2018-06-19,12000.0,12200.0,12200.0,12000.0,8900.0
2018-06-18,12000.0,12300.0,12300.0,12000.0,4600.0
2018-06-15,12500.0,12500.0,12500.0,12500.0,3730.0
2018-06-14,12500.0,12300.0,12500.0,12300.0,7500.0
2018-06-13,12200.0,12100.0,12200.0,12100.0,9000.0
2018-06-12,12000.0,12300.0,12300.0,12000.0,3330.0
2018-06-11,12300.0,12300.0,12300.0,12300.0,300.0
2018-06-08,12400.0,11800.0,12400.0,11700.0,11200.0
2018-06-07,11800.0,12000.0,12000.0,11800.0,2000.0
2018-06-06,12300.0,12000.0,12400.0,12000.0,9600.0
2018-06-05,12000.0,12000.0,12000.0,12000.0,1000.0
2018-06-04,12000.0,11900.0,12000.0,11600.0,16200.0
2018-06-01,11900.0,11900.0,11900.0,11900.0,3600.0
2018-05-30,12000.0,12100.0,12100.0,11900.0,5800.0
2018-05-29,12300.0,11900.0,12300.0,11900.0,11100.0
2018-05-28,12000.0,12200.0,12200.0,11900.0,8700.0
2018-05-25,12200.0,12100.0,12200.0,12100.0,1100.0
2018-05-24,12000.0,12100.0,12100.0,12000.0,9600.0
2018-05-23,11900.0,12000.0,12000.0,11900.0,11400.0
2018-05-22,11900.0,12200.0,12200.0,11900.0,10210.0
2018-05-21,12500.0,12500.0,12500.0,12500.0,300.0
2018-05-18,12500.0,12500.0,12500.0,12400.0,6800.0
2018-05-17,12500.0,12500.0,12800.0,12400.0,14900.0
2018-05-16,12700.0,12400.0,12700.0,12400.0,8920.0
2018-05-15,12300.0,12300.0,12400.0,12200.0,11900.0
2018-05-14,12300.0,12200.0,12500.0,12200.0,12200.0
2018-05-11,12200.0,12200.0,12200.0,12200.0,1500.0
2018-05-10,12200.0,12200.0,12200.0,12200.0,6700.0
2018-05-09,12200.0,11300.0,12300.0,11300.0,2600.0
2018-05-08,12200.0,12300.0,12300.0,12100.0,10900.0
2018-05-07,12300.0,12200.0,12400.0,12100.0,9510.0
2018-05-04,12000.0,11900.0,12000.0,11900.0,5300.0
2018-05-03,11900.0,11700.0,11900.0,11700.0,12210.0
2018-05-02,11700.0,12000.0,12000.0,11700.0,5400.0
2018-04-27,11900.0,11900.0,11900.0,11900.0,2200.0
2018-04-26,11900.0,11900.0,11900.0,11900.0,8000.0
2018-04-24,11900.0,11900.0,11900.0,11900.0,12230.0
2018-04-23,11900.0,11900.0,11900.0,11900.0,5500.0
2018-04-20,11900.0,11900.0,11900.0,11800.0,7600.0
2018-04-19,11900.0,11900.0,11900.0,11800.0,10900.0
2018-04-18,11800.0,11800.0,11900.0,11700.0,13700.0
2018-04-17,11800.0,11900.0,11900.0,11800.0,17100.0
2018-04-16,11800.0,12000.0,12100.0,11800.0,30700.0
2018-04-13,11900.0,11900.0,12100.0,11900.0,17910.0
2018-04-12,11900.0,12000.0,12000.0,11900.0,16200.0
2018-04-11,11900.0,12100.0,12100.0,11900.0,11000.0
2018-04-10,12200.0,12000.0,12200.0,12000.0,1000.0
2018-04-09,12000.0,11900.0,12000.0,11900.0,11800.0
2018-04-06,11900.0,11900.0,11900.0,11800.0,7700.0
2018-04-05,11900.0,11800.0,12300.0,11800.0,43000.0
2018-04-04,11800.0,12000.0,12000.0,11800.0,39840.0
2018-04-03,12000.0,12600.0,12600.0,12000.0,39310.0
2018-04-02,12600.0,12900.0,12900.0,12500.0,4540.0
2018-03-30,12900.0,13300.0,13400.0,12700.0,30920.0
2018-03-29,14700.0,14800.0,14800.0,14700.0,13600.0
2018-03-28,14800.0,14800.0,14800.0,14500.0,23200.0
2018-03-27,14800.0,14800.0,14800.0,14700.0,10650.0
2018-03-26,14800.0,14900.0,14900.0,14700.0,17100.0
2018-03-23,14800.0,14800.0,14900.0,14600.0,25210.0
2018-03-22,14800.0,15000.0,15000.0,14800.0,10300.0
2018-03-21,15000.0,15000.0,15100.0,15000.0,13700.0
2018-03-20,15000.0,15000.0,15000.0,14900.0,19300.0
2018-03-19,14900.0,14800.0,15000.0,14800.0,8320.0
2018-03-16,14800.0,15200.0,15200.0,14800.0,31000.0
2018-03-15,15200.0,15300.0,15300.0,15000.0,18100.0
2018-03-14,15200.0,15200.0,15500.0,15100.0,12500.0
2018-03-13,15100.0,14900.0,15100.0,14800.0,65400.00000000001
2018-03-12,14600.0,14300.0,15000.0,14300.0,40300.0
2018-03-09,14200.0,14200.0,14200.0,13900.0,6800.0
2018-03-08,14200.0,14200.0,14200.0,14200.0,100.0
2018-03-07,14200.0,14200.0,14300.0,14200.0,15000.0
2018-03-06,14000.0,14000.0,14200.0,12900.0,13300.0
2018-03-05,14300.0,14300.0,14300.0,14300.0,1900.0
2018-03-02,14300.0,14300.0,14300.0,14300.0,4000.0
2018-03-01,14300.0,14100.0,14600.0,14100.0,32800.0
2018-02-28,14000.0,14000.0,14200.0,14000.0,4300.0
2018-02-27,14000.0,13900.0,14000.0,13900.0,9400.0
2018-02-26,13900.0,13900.0,13900.0,13800.0,6500.0
2018-02-23,13900.0,13900.0,14000.0,13800.0,6200.0
2018-02-22,14000.0,14100.0,14100.0,13900.0,6600.0
2018-02-21,14000.0,14000.0,14000.0,13900.0,10220.0
2018-02-13,13900.0,14300.0,14300.0,13900.0,3500.0
2018-02-12,13900.0,13600.0,13900.0,13500.0,19000.0
2018-02-09,13700.0,13700.0,13800.0,13700.0,4000.0
2018-02-08,13900.0,13500.0,13900.0,13500.0,20100.0
2018-02-07,13800.0,13800.0,13800.0,13800.0,2420.0
2018-02-06,13800.0,14200.0,14200.0,13000.0,11000.0
2018-02-05,14200.0,13700.0,14200.0,13700.0,600.0
2018-02-02,14200.0,14100.0,14200.0,14100.0,3600.0
2018-02-01,14100.0,14100.0,14100.0,14100.0,4000.0
2018-01-31,14200.0,14200.0,14300.0,14100.0,7000.0
2018-01-30,14200.0,14200.0,14300.0,14200.0,12200.0
2018-01-29,14200.0,14000.0,14200.0,14000.0,6600.0
2018-01-26,14200.0,14000.0,14200.0,13900.0,6200.0
2018-01-25,13800.0,14300.0,14300.0,13600.0,1600.0
2018-01-24,14300.0,14300.0,14500.0,14300.0,7000.0
2018-01-23,14300.0,14200.0,14300.0,14200.0,16300.0
2018-01-22,14300.0,14300.0,14300.0,14200.0,6500.0
2018-01-19,14200.0,14400.0,14400.0,14200.0,3900.0
2018-01-18,14300.0,14100.0,14300.0,13800.0,2400.0
2018-01-17,14200.0,14100.0,14200.0,14000.0,22100.0
2018-01-16,14200.0,14300.0,14300.0,14200.0,4100.0
2018-01-15,14200.0,14200.0,14200.0,14200.0,1000.0
2018-01-12,14200.0,14100.0,14200.0,14100.0,14000.0
2018-01-11,14100.0,14000.0,14100.0,14000.0,3600.0
2018-01-10,14000.0,14000.0,14100.0,14000.0,20200.0
2018-01-09,13900.0,14000.0,14000.0,13800.0,3500.0
2018-01-08,14000.0,13600.0,14000.0,13600.0,1320.0
2018-01-05,13900.0,13600.0,13900.0,13600.0,18000.0
2018-01-04,13900.0,13500.0,13900.0,13500.0,9400.0
2018-01-03,13700.0,13800.0,13800.0,13700.0,18700.0
2018-01-02,14000.0,14000.0,14100.0,13700.0,13100.0
2017-12-29,14100.0,14000.0,14100.0,13600.0,1220.0
2017-12-28,13800.0,14000.0,14000.0,13500.0,21300.0
2017-12-27,14100.0,14100.0,14100.0,14000.0,4800.0
2017-12-26,14200.0,14100.0,14200.0,13800.0,11200.0
2017-12-25,14200.0,14200.0,14200.0,14000.0,7300.0
2017-12-22,14200.0,14200.0,14200.0,14000.0,15800.0
2017-12-21,14100.0,14100.0,14100.0,14100.0,1000.0
2017-12-20,14100.0,14200.0,14200.0,13900.0,2900.0
2017-12-19,14300.0,14100.0,14300.0,14000.0,1100.0
2017-12-18,14300.0,14200.0,14300.0,14100.0,1900.0
2017-12-15,14100.0,14200.0,14200.0,14100.0,3400.0
2017-12-14,14200.0,14100.0,14200.0,14100.0,1100.0
2017-12-13,14400.0,14400.0,14400.0,14300.0,16400.0
2017-12-12,14300.0,14300.0,14300.0,14100.0,6100.0
2017-12-11,14200.0,14200.0,14200.0,14200.0,3000.0
2017-12-08,14200.0,14200.0,14200.0,14200.0,800.0
2017-12-07,14200.0,14200.0,14200.0,14100.0,8300.0
2017-12-06,14300.0,14300.0,14400.0,14200.0,1200.0
2017-12-05,14300.0,14200.0,14300.0,14200.0,3500.0
2017-12-04,14300.0,14200.0,14400.0,14200.0,11210.0
2017-12-01,14400.0,14200.0,14600.0,14100.0,2110.0
2017-11-30,14100.0,14000.0,14100.0,14000.0,15500.0
2017-11-29,14100.0,14100.0,14100.0,14100.0,700.0
2017-11-27,14400.0,14000.0,14400.0,14000.0,1300.0
2017-11-23,14300.0,14000.0,14300.0,14000.0,4000.0
2017-11-22,14300.0,14300.0,14300.0,14300.0,3500.0
2017-11-21,14300.0,14400.0,14400.0,14100.0,3300.0
2017-11-20,14000.0,14100.0,14100.0,14000.0,11500.0
2017-11-17,14400.0,14500.0,14500.0,14000.0,3500.0
2017-11-16,14000.0,14100.0,14500.0,13900.0,16600.0
2017-11-15,14600.0,14400.0,14600.0,14300.0,5500.0
2017-11-13,14800.0,14800.0,14800.0,14800.0,100.0
2017-11-09,14500.0,14500.0,14500.0,14500.0,3000.0
2017-11-08,14700.0,14700.0,14700.0,14700.0,100.0
2017-11-07,14600.0,14700.0,14700.0,14600.0,3000.0
2017-11-03,14700.0,14700.0,14700.0,14700.0,100.0
2017-11-02,14700.0,14700.0,14700.0,14400.0,13330.0
2017-11-01,14900.0,14900.0,14900.0,14900.0,300.0
2017-10-31,14800.0,14700.0,14800.0,14600.0,35800.0
2017-10-30,14800.0,14800.0,14800.0,14700.0,15400.0
2017-10-27,14900.0,14900.0,14900.0,14900.0,600.0
2017-10-26,14700.0,14800.0,14900.0,14700.0,18200.0
2017-10-25,14800.0,14800.0,14800.0,14800.0,16500.0
2017-10-24,14900.0,15000.0,15000.0,14900.0,2200.0
2017-10-23,14900.0,15000.0,15000.0,14800.0,19700.0
2017-10-20,15200.0,15300.0,15300.0,15200.0,5600.0
2017-10-19,15300.0,15200.0,15300.0,15100.0,32100.0
2017-10-18,15100.0,15000.0,15200.0,15000.0,30000.0
2017-10-17,14900.0,15000.0,15000.0,14900.0,27300.0
2017-10-16,15200.0,15000.0,15200.0,15000.0,7400.0
2017-10-13,15200.0,15000.0,15200.0,15000.0,6200.0
2017-10-12,15300.0,15100.0,15300.0,15100.0,1900.0
2017-10-11,15100.0,14600.0,15100.0,14400.0,14900.0
2017-10-10,14600.0,14700.0,14700.0,14600.0,5200.0
2017-10-09,14700.0,14800.0,14800.0,14700.0,5700.0
2017-10-06,14800.0,14800.0,14900.0,14800.0,29600.0
2017-10-05,14800.0,14800.0,14800.0,14800.0,16300.0
2017-10-04,14800.0,14800.0,14900.0,14800.0,12400.0
2017-10-03,14700.0,14800.0,14800.0,14700.0,45200.0
2017-10-02,15000.0,14800.0,15000.0,14700.0,4300.0
2017-09-29,14900.0,14900.0,14900.0,13800.0,25100.0
2017-09-28,14900.0,15000.0,15000.0,14800.0,18700.0
2017-09-27,15000.0,15200.0,15200.0,14900.0,23400.0
2017-09-26,15100.0,14900.0,15400.0,14900.0,130500.0
2017-09-25,14800.0,14500.0,14800.0,14500.0,47530.0
2017-09-22,14400.0,14200.0,14400.0,14200.0,14200.0
2017-09-21,14100.0,14100.0,14200.0,14000.0,20500.0
2017-09-20,14000.0,13900.0,14000.0,13900.0,16500.0
2017-09-19,13900.0,13800.0,14000.0,13800.0,9100.0
2017-09-18,13900.0,13800.0,14000.0,13800.0,4200.0
2017-09-14,14000.0,13900.0,14000.0,13900.0,1300.0
2017-09-13,13900.0,13800.0,13900.0,13800.0,300.0
2017-09-11,13800.0,13800.0,14000.0,13800.0,1100.0
2017-09-08,14000.0,14000.0,14000.0,13800.0,1200.0
2017-09-07,14000.0,13800.0,14000.0,13800.0,4900.0
2017-09-06,13800.0,13800.0,13900.0,13700.0,10300.0
2017-09-05,13800.0,13700.0,13800.0,13700.0,4800.0
2017-09-01,13800.0,13800.0,13800.0,13800.0,100.0
2017-08-31,13800.0,13700.0,13900.0,13700.0,9000.0
2017-08-30,13700.0,13400.0,13700.0,13300.0,24100.0
2017-08-29,13700.0,14000.0,14100.0,13700.0,2100.0
2017-08-28,13200.0,13900.0,13900.0,13200.0,63700.0
2017-08-25,13700.0,13700.0,13700.0,13700.0,7900.0
2017-08-24,13700.0,13800.0,13900.0,13700.0,26700.0
2017-08-23,13700.0,13900.0,13900.0,13700.0,3400.0
2017-08-22,13800.0,13800.0,13800.0,13800.0,300.0
2017-08-21,13700.0,14100.0,14100.0,13700.0,46900.0
2017-08-18,14200.0,14300.0,14300.0,14200.0,1000.0
2017-08-17,14200.0,14400.0,14400.0,14200.0,5700.0
2017-08-16,14200.0,14200.0,14500.0,14000.0,20600.0
2017-08-15,14400.0,14200.0,14500.0,14200.0,13000.0
2017-08-14,14200.0,14200.0,14200.0,14200.0,6500.0
2017-08-11,14200.0,14200.0,14200.0,14200.0,1000.0
2017-08-10,14100.0,14200.0,14400.0,14000.0,4000.0
2017-08-09,14100.0,14000.0,14100.0,14000.0,2600.0
2017-08-08,14000.0,14000.0,14300.0,14000.0,15850.0
2017-08-07,14300.0,14300.0,14600.0,14100.0,3400.0
2017-08-04,14300.0,14300.0,14300.0,14300.0,300.0
2017-08-03,14300.0,14200.0,14300.0,14100.0,7400.0
2017-08-01,14200.0,14000.0,14200.0,14000.0,6300.0
2017-07-31,14400.0,14200.0,14400.0,14000.0,5220.0
2017-07-28,14400.0,14400.0,14400.0,14200.0,4500.0
2017-07-27,14300.0,14500.0,14500.0,14300.0,1300.0
2017-07-26,14500.0,14500.0,14500.0,14200.0,9800.0
2017-07-25,14400.0,14100.0,14400.0,14100.0,5200.0
2017-07-24,14400.0,14500.0,14500.0,14000.0,29800.0
2017-07-21,14700.0,14700.0,14800.0,14500.0,4300.0
2017-07-20,14900.0,14900.0,14900.0,14700.0,12910.0
2017-07-19,14900.0,14700.0,14900.0,14700.0,2000.0
2017-07-18,14700.0,14900.0,14900.0,14700.0,9720.0
2017-07-17,14900.0,15000.0,15000.0,14900.0,16300.0
2017-07-14,15000.0,15000.0,15000.0,14900.0,5200.0
2017-07-13,15000.0,14900.0,15000.0,14800.0,3200.0
2017-07-12,15000.0,15000.0,15000.0,14800.0,2600.0
2017-07-11,14900.0,14800.0,14900.0,14700.0,10200.0
2017-07-10,14800.0,15000.0,15000.0,14500.0,28300.0
2017-07-07,15100.0,15200.0,15200.0,15100.0,18700.0
2017-07-06,15200.0,15200.0,15200.0,15200.0,26000.0
2017-07-05,15200.0,15400.0,15400.0,14900.0,19710.0
2017-07-04,15300.0,15000.0,15300.0,15000.0,64099.99999999999
2017-07-03,15000.0,14900.0,15000.0,14700.0,36300.0
2017-06-30,15000.0,15000.0,15000.0,14800.0,35700.0
2017-06-29,15000.0,14800.0,15000.0,14800.0,14500.0
2017-06-28,15000.0,15000.0,15200.0,14800.0,43400.0
2017-06-27,15100.0,15000.0,15100.0,15000.0,11800.0
2017-06-26,15100.0,14800.0,15100.0,14800.0,9000.0
2017-06-23,15100.0,15200.0,15200.0,14800.0,8400.0
2017-06-22,15200.0,15200.0,15200.0,15000.0,8000.0
2017-06-21,15000.0,15000.0,15200.0,15000.0,9800.0
2017-06-20,15300.0,14900.0,15300.0,14900.0,6400.0
2017-06-19,15300.0,15000.0,15400.0,15000.0,9800.0
2017-06-16,15300.0,15100.0,15400.0,15100.0,5100.0
2017-06-15,15300.0,15400.0,15400.0,15200.0,6700.0
2017-06-14,15200.0,15400.0,15500.0,15200.0,8300.0
2017-06-13,15500.0,15500.0,15500.0,15200.0,3500.0
2017-06-12,15500.0,15600.0,15600.0,15500.0,6800.0
2017-06-09,15600.0,15300.0,15600.0,15300.0,15700.0
2017-06-08,15600.0,15200.0,15600.0,15200.0,64900.00000000001
2017-06-07,15200.0,15200.0,15300.0,15000.0,24900.0
2017-06-06,15100.0,14900.0,15100.0,14900.0,4000.0
2017-06-05,15000.0,15300.0,15300.0,14900.0,5100.0
2017-06-02,15200.0,15300.0,15500.0,15100.0,12310.0
2017-06-01,15300.0,14900.0,15300.0,14900.0,56700.0
2017-05-31,14900.0,14700.0,15200.0,14500.0,68900.0
2017-05-30,14400.0,15000.0,15000.0,14400.0,26200.0
2017-05-29,14600.0,14600.0,14600.0,14400.0,22000.0
2017-05-26,14700.0,14500.0,14700.0,14500.0,9400.0
2017-05-25,14800.0,15300.0,15300.0,14600.0,8200.0
2017-05-24,14600.0,14600.0,14600.0,14500.0,12400.0
2017-05-23,14700.0,14800.0,14800.0,14600.0,7600.0
2017-05-22,15000.0,14800.0,15000.0,14800.0,11700.0
2017-05-19,14800.0,14900.0,14900.0,14600.0,14100.0
2017-05-18,14900.0,15000.0,15000.0,14900.0,3910.0
2017-05-17,14700.0,15200.0,15200.0,14700.0,10200.0
2017-05-16,15100.0,14700.0,15200.0,14700.0,60370.0
2017-05-15,14700.0,14900.0,14900.0,14700.0,10810.0
2017-05-12,14900.0,15000.0,15000.0,14700.0,16300.0
2017-05-11,15000.0,15100.0,15100.0,14900.0,8800.0
2017-05-10,15200.0,15000.0,15200.0,15000.0,6400.0
2017-05-09,15000.0,15400.0,15500.0,14900.0,21800.0
2017-05-08,15400.0,15400.0,15500.0,15400.0,2800.0
2017-05-05,15500.0,15600.0,15600.0,14900.0,29300.0
2017-05-04,15400.0,15300.0,15400.0,15000.0,8640.0
2017-05-03,15400.0,15600.0,15600.0,15400.0,800.0
2017-04-28,15400.0,15700.0,15700.0,15000.0,4300.0
2017-04-27,15300.0,14700.0,15300.0,14700.0,21900.0
2017-04-26,14900.0,15200.0,15200.0,14600.0,3700.0
2017-04-25,14500.0,14500.0,15100.0,14400.0,19700.0
2017-04-24,15100.0,15100.0,15100.0,14800.0,5500.0
2017-04-21,15000.0,15400.0,15400.0,15000.0,18600.0
2017-04-20,15400.0,15600.0,15600.0,15400.0,5100.0
2017-04-19,15600.0,15600.0,15800.0,15600.0,5900.0
2017-04-18,15600.0,15500.0,15600.0,15300.0,7300.0
2017-04-17,15600.0,15800.0,15800.0,15600.0,14800.0
2017-04-14,15700.0,16000.0,16000.0,15700.0,25000.0
2017-04-13,16000.0,16200.0,16300.0,16000.0,77940.0
2017-04-12,16100.0,16100.0,16300.0,16000.0,6700.0
2017-04-11,16300.0,16300.0,16600.0,16200.0,11100.0
2017-04-10,16300.0,16300.0,16600.0,16200.0,18300.0
2017-04-07,16300.0,16400.0,16400.0,16100.0,9270.0
2017-04-05,16400.0,16900.0,16900.0,16300.0,9940.0
2017-04-04,16500.0,17100.0,17100.0,16400.0,9200.0
2017-04-03,16600.0,16800.0,17300.0,16600.0,22500.0
2017-03-31,16800.0,16400.0,16800.0,16300.0,16090.0
2017-03-30,16700.0,16400.0,16900.0,16100.0,43300.0
2017-03-29,16400.0,16700.0,16700.0,16400.0,8900.0
2017-03-28,16400.0,17000.0,17000.0,16200.0,28800.0
2017-03-27,16800.0,15800.0,17200.0,15700.0,39620.0
2017-03-24,15700.0,15600.0,15900.0,15600.0,27220.0
2017-03-23,15700.0,15600.0,15700.0,15500.0,15610.0
2017-03-22,15800.0,16000.0,16000.0,15500.0,65630.0
2017-03-21,15800.0,15800.0,15800.0,15600.0,46430.0
2017-03-20,15800.0,15800.0,16000.0,15800.0,29900.0
2017-03-17,15900.0,15900.0,16200.0,15800.0,26900.0
2017-03-16,15900.0,16000.0,16100.0,15800.0,88900.0
2017-03-15,16000.0,16200.0,16200.0,16000.0,9300.0
2017-03-14,16000.0,16000.0,16200.0,15900.0,33330.0
2017-03-13,15900.0,16100.0,16200.0,15900.0,50250.0
2017-03-10,16200.0,16300.0,16400.0,16100.0,31310.0
2017-03-09,16500.0,16900.0,16900.0,16300.0,54330.0
2017-03-08,17000.0,17100.0,17100.0,16800.0,55510.0
2017-03-07,17100.0,16900.0,17200.0,16800.0,56810.0
2017-03-06,16700.0,16000.0,17500.0,15800.0,137390.0
2017-03-03,16400.0,17000.0,17000.0,16400.0,90300.0
2017-03-02,18000.0,20300.0,20300.0,17500.0,91760.0
2017-03-01,24400.0,25000.0,25000.0,24000.0,116510.0
2017-02-28,24600.0,24300.0,25100.0,24200.0,90090.0
2017-02-27,24300.0,25000.0,25000.0,24300.0,122500.0
2017-02-24,24800.0,25800.0,25800.0,24800.0,112050.0
2017-02-23,25900.0,26400.0,27500.0,25900.0,230040.0
2017-02-22,26200.0,24000.0,26400.0,23500.0,441900.0
2017-02-21,24000.0,24300.0,24800.0,23700.0,235900.0
2017-02-20,24800.0,26000.0,27000.0,23600.0,286750.0
2017-02-17,26100.0,25000.0,26100.0,25000.0,367050.0
2017-02-16,23800.0,23500.0,23800.0,22700.0,936520.0
2017-02-15,21700.0,20000.0,21700.0,20000.0,241930.0
2017-02-14,19800.0,19800.0,20000.0,19500.0,24000.0
2017-02-13,19500.0,19500.0,19500.0,19500.0,33600.0
2017-02-10,19700.0,19500.0,19700.0,19500.0,22200.0
2017-02-09,19500.0,20000.0,20000.0,19400.0,25100.0
2017-02-08,19400.0,19300.0,19500.0,19200.0,18600.0
2017-02-07,19500.0,19500.0,19700.0,19400.0,36000.0
2017-02-06,19800.0,19800.0,19800.0,19800.0,12000.0
2017-02-03,19800.0,20000.0,20100.0,19500.0,33510.0
2017-02-02,20000.0,19300.0,20000.0,19200.0,46240.0
2017-01-25,19100.0,19500.0,19500.0,19000.0,3500.0
2017-01-24,19000.0,19400.0,19400.0,18800.0,31400.0
2017-01-23,19000.0,19000.0,19100.0,19000.0,32100.0
2017-01-20,19000.0,19000.0,19100.0,18900.0,52200.0
2017-01-19,18700.0,18800.0,19200.0,18700.0,33610.0
2017-01-18,18900.0,18600.0,19500.0,18600.0,30300.0
2017-01-17,18500.0,18500.0,18600.0,18300.0,27600.0
2017-01-16,18500.0,17500.0,18600.0,17500.0,52600.0
2017-01-12,17500.0,17300.0,17500.0,17300.0,7100.0
2017-01-11,17500.0,17600.0,17600.0,17300.0,17700.0
2017-01-10,17600.0,17400.0,17600.0,17400.0,9000.0
2017-01-09,17500.0,17300.0,17500.0,17300.0,18000.0
2017-01-06,17500.0,17600.0,17600.0,17500.0,17400.0
2017-01-05,17500.0,17500.0,17600.0,17300.0,17600.0
2017-01-04,17400.0,17600.0,17600.0,17400.0,14900.0
2017-01-03,17400.0,17200.0,17400.0,17100.0,8400.0
2016-12-30,17400.0,17100.0,17500.0,17100.0,17300.0
2016-12-29,17000.0,16100.0,17100.0,16100.0,4500.0
2016-12-28,17200.0,16900.0,17400.0,16900.0,500.0
2016-12-27,16800.0,17000.0,17200.0,16600.0,12700.0
2016-12-26,17200.0,16600.0,17200.0,16600.0,8500.0
2016-12-22,17500.0,17400.0,17500.0,17200.0,12100.0
2016-12-21,17500.0,17300.0,17500.0,17200.0,41100.0
2016-12-20,17300.0,17400.0,17400.0,17300.0,15300.0
2016-12-19,17500.0,17500.0,17500.0,17500.0,12000.0
2016-12-16,17200.0,17100.0,17300.0,17000.0,41900.0
2016-12-15,17500.0,17700.0,17700.0,17200.0,3200.0
2016-12-14,17500.0,17300.0,17500.0,17200.0,4400.0
2016-12-13,17000.0,17500.0,17500.0,17000.0,53700.0
2016-12-12,17400.0,17600.0,17700.0,17400.0,32500.0
2016-12-09,18100.0,18100.0,18100.0,18100.0,100.0
2016-12-08,18000.0,19400.0,19400.0,17800.0,7400.0
2016-12-07,17800.0,17900.0,18000.0,17800.0,9600.0
2016-12-06,18000.0,18200.0,18200.0,17800.0,20000.0
2016-12-05,18000.0,18100.0,18300.0,18000.0,23700.0
2016-12-02,18600.0,18200.0,18600.0,18100.0,7600.0
2016-12-01,18500.0,18600.0,18600.0,18400.0,10100.0
2016-11-30,18400.0,17900.0,18400.0,17900.0,27800.0
2016-11-29,17900.0,18000.0,18100.0,17800.0,12600.0
2016-11-28,18100.0,18500.0,18500.0,18100.0,30200.0
2016-11-25,18500.0,18500.0,18700.0,18400.0,26300.0
2016-11-24,18700.0,18700.0,19000.0,18000.0,19200.0
2016-11-23,18700.0,18500.0,19000.0,18500.0,18700.0
2016-11-22,19200.0,17800.0,19500.0,17700.0,97100.0
2016-11-21,17900.0,17900.0,17900.0,17800.0,18200.0
2016-11-18,17900.0,17800.0,17900.0,17800.0,38340.0
2016-11-17,17800.0,17700.0,17900.0,17700.0,7100.0
2016-11-16,17800.0,17900.0,18000.0,17800.0,13400.0
2016-11-15,18000.0,18000.0,18000.0,17900.0,12600.0
2016-11-14,18000.0,17800.0,18300.0,17800.0,19400.0
2016-11-11,17900.0,17700.0,18000.0,17700.0,15400.0
2016-11-10,17600.0,17900.0,18200.0,17600.0,24000.0
2016-11-09,17600.0,17900.0,18100.0,17400.0,24200.0
2016-11-08,18200.0,17800.0,18200.0,17800.0,22700.0
2016-11-07,17800.0,17500.0,17800.0,17500.0,18900.0
2016-11-04,17500.0,17600.0,17600.0,17500.0,5000.0
2016-11-03,17400.0,17300.0,17500.0,16800.0,5800.0
2016-11-02,17500.0,17500.0,18100.0,17500.0,8000.0
2016-11-01,17500.0,17800.0,17800.0,17500.0,19600.0
2016-10-31,17800.0,17800.0,17900.0,17600.0,13600.0
2016-10-28,18000.0,18000.0,18000.0,17800.0,8400.0
2016-10-27,18000.0,18200.0,18300.0,17700.0,45900.0
2016-10-26,18200.0,18100.0,18200.0,18100.0,29400.0
2016-10-25,18100.0,18000.0,18300.0,17900.0,39800.0
2016-10-24,18000.0,18000.0,19000.0,17800.0,76100.0
2016-10-21,17400.0,17700.0,17800.0,17400.0,26900.0
2016-10-20,17900.0,18400.0,18400.0,17500.0,63000.0
2016-10-19,18200.0,17800.0,19200.0,17500.0,46410.0
2016-10-18,17700.0,18200.0,18200.0,17300.0,31200.0
2016-10-17,18500.0,18500.0,18500.0,18400.0,9800.0
2016-10-14,18500.0,18400.0,18500.0,18300.0,18300.0
2016-10-13,18500.0,18500.0,18700.0,18400.0,8840.0
2016-10-12,18700.0,19000.0,19000.0,18500.0,9900.0
2016-10-11,19000.0,18800.0,19000.0,17800.0,37900.0
2016-10-10,18800.0,19100.0,19100.0,18800.0,30900.0
2016-10-07,19100.0,19200.0,19400.0,18900.0,34240.0
2016-10-06,19100.0,19000.0,19500.0,19000.0,11400.0
2016-10-05,19400.0,19500.0,19500.0,18900.0,32700.000000000004
2016-10-04,19500.0,19400.0,20200.0,19000.0,68800.0
2016-10-03,19400.0,18600.0,19400.0,18600.0,72210.0
2016-09-30,18500.0,18200.0,18800.0,18000.0,52240.0
2016-09-29,18500.0,18800.0,18800.0,18400.0,9900.0
2016-09-28,18700.0,18500.0,18800.0,18100.0,85500.0
2016-09-27,18000.0,17600.0,18200.0,17500.0,50700.0
2016-09-26,17500.0,17500.0,17800.0,17500.0,20100.0
2016-09-23,17400.0,17500.0,17500.0,17400.0,24400.0
2016-09-22,17500.0,17500.0,17600.0,17400.0,13900.0
2016-09-21,17500.0,17300.0,17500.0,17300.0,3400.0
2016-09-20,17500.0,17400.0,17600.0,17300.0,16200.0
2016-09-19,17100.0,17100.0,17300.0,17100.0,4600.0
2016-09-16,17500.0,17000.0,17500.0,16900.0,22100.0
2016-09-15,17200.0,17400.0,17400.0,17200.0,10800.0
2016-09-14,17700.0,17800.0,17900.0,17500.0,8400.0
2016-09-13,17900.0,17800.0,17900.0,17800.0,11600.0
2016-09-12,17800.0,17600.0,17800.0,17500.0,10800.0
2016-09-09,17600.0,17200.0,17800.0,17200.0,21000.0
2016-09-08,17100.0,17100.0,17300.0,17000.0,11300.0
2016-09-07,17100.0,17100.0,17100.0,16900.0,13100.0
2016-09-06,17000.0,17100.0,17200.0,16900.0,22500.0
2016-09-05,17100.0,16700.0,17300.0,16700.0,39700.0
2016-09-01,16700.0,16500.0,16800.0,16500.0,2800.0
2016-08-31,16600.0,16700.0,16800.0,16400.0,5700.0
2016-08-30,16600.0,16300.0,16700.0,16300.0,15000.0
2016-08-29,16700.0,17000.0,17000.0,16700.0,1300.0
2016-08-26,17000.0,17100.0,17300.0,16100.0,7300.0
2016-08-25,17300.0,16900.0,17400.0,16800.0,12700.0
2016-08-24,17000.0,16500.0,17000.0,16500.0,9200.0
2016-08-23,16500.0,16300.0,16800.0,16300.0,15700.0
2016-08-22,16300.0,16500.0,16500.0,16300.0,1100.0
2016-08-19,16400.0,16500.0,16700.0,16400.0,2600.0
2016-08-18,16500.0,16800.0,16900.0,16000.0,23300.0
2016-08-17,16800.0,16900.0,16900.0,16700.0,8340.0
2016-08-16,17000.0,16800.0,17000.0,16600.0,18650.0
2016-08-15,17000.0,17200.0,17200.0,16900.0,5900.0
2016-08-12,17200.0,17500.0,17500.0,17100.0,11900.0
2016-08-11,17300.0,17400.0,17500.0,17200.0,17850.0
2016-08-10,16900.0,16500.0,17000.0,16500.0,41320.0
2016-08-09,16400.0,15500.0,16400.0,15500.0,17400.0
2016-08-08,15800.0,15700.0,15800.0,15300.0,22800.0
2016-08-05,15600.0,15500.0,16000.0,15200.0,9420.0
2016-08-04,15800.0,15700.0,16000.0,15600.0,3400.0
2016-08-03,15800.0,15800.0,15900.0,15800.0,8400.0
2016-08-02,15800.0,16200.0,16400.0,15100.0,32100.0
2016-08-01,16500.0,17000.0,17100.0,16500.0,38100.0
2016-07-29,17500.0,17700.0,17700.0,17400.0,24200.0
2016-07-28,17600.0,17800.0,17900.0,17400.0,8200.0
2016-07-27,17900.0,18000.0,18200.0,17800.0,40850.0
2016-07-26,17500.0,16800.0,17800.0,16500.0,64800.0
2016-07-25,17500.0,18200.0,18400.0,17100.0,7000.0
2016-07-22,18400.0,17900.0,18400.0,17500.0,239500.0
2016-07-21,16800.0,16800.0,16800.0,15600.0,107300.0
2016-07-20,15300.0,15200.0,15500.0,15200.0,8500.0
2016-07-19,15200.0,15000.0,15400.0,14900.0,10900.0
2016-07-18,14900.0,14800.0,15200.0,14800.0,5400.0
2016-07-15,14800.0,15200.0,15200.0,14200.0,12700.0
2016-07-14,15000.0,15000.0,15400.0,15000.0,16100.000000000002
2016-07-13,15300.0,15200.0,15600.0,15100.0,14100.0
2016-07-12,15200.0,16300.0,16400.0,15200.0,16500.0
2016-07-11,16500.0,16000.0,16500.0,16000.0,24300.0
2016-07-08,16000.0,15800.0,16100.0,15500.0,39300.0
2016-07-07,15800.0,16400.0,16400.0,15800.0,15600.0
2016-07-06,16500.0,15900.0,16500.0,15800.0,12100.0
2016-07-05,16500.0,17500.0,17600.0,16500.0,19350.0
2016-07-04,17500.0,16800.0,18100.0,16800.0,18700.0
2016-07-01,16800.0,15300.0,16800.0,15300.0,79700.0
2016-06-30,15300.0,14800.0,15500.0,14800.0,38000.0
2016-06-29,14700.0,15000.0,15000.0,14600.0,9700.0
2016-06-28,14600.0,14200.0,14700.0,14200.0,15600.0
2016-06-27,14200.0,14000.0,14200.0,14000.0,8200.0
2016-06-24,14200.0,14300.0,14300.0,13900.0,54500.0
2016-06-23,14200.0,14500.0,14500.0,14200.0,16800.0
2016-06-22,14500.0,14200.0,14600.0,14200.0,27100.0
2016-06-21,14200.0,14200.0,14300.0,14200.0,7900.0
2016-06-20,14200.0,14200.0,14200.0,14100.0,6900.0
2016-06-17,14200.0,14500.0,14500.0,13900.0,45500.0
2016-06-16,14500.0,14600.0,14700.0,14300.0,3700.0
2016-06-15,14600.0,14000.0,14900.0,14000.0,30600.0
2016-06-14,13900.0,14000.0,14200.0,13900.0,18100.0
2016-06-13,14500.0,14400.0,14500.0,14000.0,6500.0
2016-06-10,14500.0,13800.0,14500.0,13800.0,13200.0
2016-06-09,14000.0,14000.0,14000.0,14000.0,300.0
2016-06-08,13900.0,13700.0,14000.0,13600.0,11100.0
2016-06-07,13700.0,13700.0,13700.0,13600.0,12500.0
2016-06-06,13700.0,14000.0,14000.0,13600.0,6900.0
2016-06-03,14100.0,14000.0,14200.0,14000.0,3900.0
2016-06-02,14200.0,14000.0,14300.0,14000.0,2900.0
2016-06-01,14200.0,14000.0,14200.0,14000.0,12400.0
2016-05-31,14100.0,14100.0,14100.0,14000.0,5600.0
2016-05-30,14300.0,14300.0,14500.0,14200.0,4100.0
2016-05-27,14600.0,14500.0,14600.0,14200.0,5600.0
2016-05-26,14500.0,14600.0,14700.0,14200.0,16600.0
2016-05-25,14900.0,14500.0,14900.0,14500.0,4500.0
2016-05-24,14500.0,13800.0,15000.0,13700.0,5800.0
2016-05-23,13700.0,13900.0,13900.0,13500.0,15500.0
2016-05-20,14300.0,14000.0,14300.0,13700.0,8900.0
2016-05-19,14000.0,13800.0,14000.0,13800.0,3700.0
2016-05-18,13800.0,14000.0,14500.0,13500.0,17700.0
2016-05-17,13600.0,13600.0,14000.0,13600.0,22000.0
2016-05-16,13600.0,14500.0,14500.0,13600.0,17100.0
2016-05-13,14800.0,15000.0,15000.0,14500.0,4300.0
2016-05-12,15000.0,15000.0,15300.0,14900.0,30000.0
2016-05-11,15000.0,14800.0,15000.0,14800.0,8800.0
2016-05-10,15100.0,14500.0,15100.0,14500.0,5300.0
2016-05-09,15100.0,15300.0,15300.0,15000.0,23000.0
2016-05-06,15300.0,15500.0,15500.0,15000.0,5700.0
2016-05-05,16100.0,16300.0,17200.0,16000.0,16600.0
2016-05-04,16200.0,15000.0,16200.0,15000.0,56300.0
2016-04-29,14900.0,13700.0,15000.0,13700.0,28270.0
2016-04-28,13700.0,13500.0,13700.0,13500.0,11700.0
2016-04-27,13500.0,13500.0,13700.0,13500.0,25700.0
2016-04-26,13400.0,13400.0,13500.0,13200.0,13500.0
2016-04-25,13300.0,12900.0,13400.0,12900.0,5400.0
2016-04-22,12600.0,11900.0,12600.0,11900.0,38500.0
2016-04-21,11500.0,11400.0,11500.0,11400.0,6100.0
2016-04-19,11000.0,11000.0,11000.0,11000.0,2000.0
2016-04-15,11100.0,11100.0,11100.0,11100.0,1000.0
2016-04-14,11200.0,11300.0,11600.0,11200.0,2500.0
2016-04-13,11300.0,11200.0,11300.0,11200.0,12830.0
2016-04-12,11300.0,11300.0,11300.0,11300.0,400.0
2016-04-11,11300.0,10700.0,11300.0,10700.0,3700.0
2016-04-08,10700.0,11500.0,11500.0,10700.0,8600.0
2016-04-07,11500.0,11000.0,11600.0,11000.0,17500.0
2016-04-06,11000.0,10800.0,11000.0,10800.0,28500.0
2016-04-05,10300.0,10300.0,11000.0,10000.0,10000.0
2016-04-04,10300.0,10000.0,10300.0,10000.0,12500.0
2016-04-01,9700.0,9700.0,9700.0,9500.0,37300.0
2016-03-31,8900.0,9700.0,9700.0,8900.0,17900.0
2016-03-29,9600.0,9500.0,9600.0,9500.0,8200.0
2016-03-28,9200.0,9100.0,9200.0,9100.0,6400.0
2016-03-24,9200.0,8400.0,9200.0,8400.0,4200.0
2016-03-23,8400.0,8200.0,8400.0,8000.0,1300.0
2016-03-22,7800.0,7800.0,7800.0,7800.0,2300.0
2016-03-18,7900.0,8000.0,8000.0,7900.0,4000.0
2016-03-15,7900.0,7900.0,7900.0,7900.0,2000.0
2016-03-14,7800.0,7800.0,7900.0,7800.0,9000.0
2016-03-10,7700.0,7700.0,7700.0,7700.0,4500.0
2016-03-09,7600.0,7600.0,7900.0,7600.0,11000.0
2016-03-08,7600.0,7600.0,7600.0,7600.0,100.0
2016-03-07,7200.0,7200.0,7200.0,7200.0,100.0
2016-03-04,7000.0,7000.0,7000.0,7000.0,3300.0
2016-02-26,7300.0,7100.0,7300.0,7100.0,900.0
2016-02-25,7300.0,7300.0,7300.0,7300.0,100.0
2016-02-24,7100.0,7100.0,7100.0,7100.0,1200.0
2016-02-23,7100.0,7100.0,7100.0,7100.0,3000.0
2016-02-22,7000.0,7000.0,7000.0,7000.0,1000.0
2016-02-19,7000.0,7000.0,7000.0,7000.0,1200.0
2016-02-18,7100.0,7100.0,7100.0,7100.0,100.0
2016-02-17,7000.0,7000.0,7000.0,7000.0,2400.0
2016-02-04,7000.0,7000.0,7000.0,7000.0,8000.0
2016-02-03,7000.0,7000.0,7000.0,7000.0,2000.0
2016-01-27,7000.0,6900.0,7000.0,6900.0,93910.0
2016-01-26,7000.0,7000.0,7000.0,7000.0,5600.0
2016-01-25,7100.0,7000.0,7100.0,7000.0,4400.0
2016-01-22,7000.0,7000.0,7000.0,7000.0,7000.0
2016-01-21,7000.0,6600.0,7000.0,6600.0,4400.0
2016-01-19,6600.0,6600.0,6600.0,6600.0,7800.0
2016-01-18,6500.0,6800.0,6800.0,6500.0,8000.0
2016-01-15,7000.0,7000.0,7000.0,7000.0,3900.0
2016-01-14,7000.0,7000.0,7000.0,7000.0,3100.0
2016-01-13,7000.0,7000.0,7000.0,7000.0,1000.0
2016-01-12,7000.0,7100.0,7100.0,6900.0,10700.0
2016-01-11,7100.0,7000.0,7100.0,6400.0,10200.0
2016-01-08,7000.0,7000.0,7000.0,7000.0,500.0
2016-01-07,7000.0,7000.0,7000.0,7000.0,3100.0
2016-01-06,7000.0,7200.0,7200.0,7000.0,4400.0
2016-01-05,7100.0,7300.0,7300.0,7100.0,4200.0
2016-01-04,7700.0,7700.0,7700.0,7700.0,3000.0
2015-12-31,8400.0,8400.0,8400.0,8400.0,100.0
2015-12-29,8700.0,8600.0,8700.0,8600.0,200.0
2015-12-28,9500.0,11300.0,11300.0,9500.0,3200.0
2015-12-09,10500.0,10500.0,10500.0,10500.0,100.0
2015-12-04,9800.0,10300.0,10300.0,9500.0,1500.0
2015-11-26,9500.0,9500.0,9500.0,9500.0,100.0
2015-11-25,8900.0,8200.0,8900.0,8200.0,200.0
2015-11-24,9000.0,9000.0,9000.0,7900.0,2200.0
2015-11-13,8600.0,8600.0,8600.0,8600.0,100.0
2015-11-12,8000.0,7700.0,8000.0,7700.0,4100.0
2015-11-10,7800.0,8100.0,8100.0,7700.0,7500.0
2015-11-09,7800.0,7800.0,7800.0,7800.0,3400.0
2015-11-04,8500.0,8500.0,8500.0,8500.0,100.0
2015-11-03,8000.0,8000.0,8000.0,7600.0,5500.0
2015-10-30,8100.0,8200.0,8200.0,8100.0,1100.0
2015-10-29,8300.0,8200.0,8300.0,8100.0,3100.0
2015-10-28,8200.0,8200.0,8200.0,8200.0,2500.0
2015-10-27,8400.0,8400.0,8400.0,8400.0,100.0
2015-10-23,8000.0,8700.0,8700.0,7900.0,7100.0
2015-10-22,8000.0,8200.0,8200.0,8000.0,1500.0
2015-10-21,8500.0,8500.0,8500.0,8500.0,1000.0
2015-10-20,8000.0,8100.0,8100.0,8000.0,3300.0
2015-10-16,8700.0,8200.0,8700.0,8100.0,4500.0
2015-10-15,9000.0,9000.0,9000.0,9000.0,2600.0
2015-10-09,9900.0,9900.0,9900.0,9900.0,1100.0
2015-10-07,11000.0,11000.0,11000.0,11000.0,100.0
2015-10-05,10300.0,10300.0,10300.0,10300.0,100.0
2015-09-29,9800.0,9800.0,9800.0,9800.0,100.0
2015-09-24,9300.0,8600.0,9300.0,8600.0,2600.0
2015-09-23,8600.0,8600.0,8600.0,8600.0,500.0
2015-09-22,8600.0,8600.0,8600.0,8600.0,100.0
2015-09-18,8900.0,8900.0,8900.0,8900.0,1000.0
2015-09-16,8800.0,9500.0,9500.0,8800.0,600.0
2015-09-14,9500.0,9500.0,9500.0,9500.0,400.0
2015-09-07,9500.0,9500.0,9500.0,9500.0,600.0
2015-09-03,9600.0,9600.0,9600.0,9600.0,500.0
2015-09-01,9500.0,9500.0,9500.0,9500.0,1000.0
2015-08-31,9900.0,9900.0,9900.0,9900.0,0.0
2015-08-28,9900.0,9900.0,9900.0,9500.0,2100.0
2015-08-27,10000.0,9900.0,10200.0,9900.0,700.0
2015-08-26,9900.0,9900.0,10000.0,9900.0,6500.0
2015-08-25,9900.0,9500.0,9900.0,9500.0,1900.0
2015-08-24,9000.0,9000.0,9000.0,9000.0,11200.0
2015-08-21,10000.0,10000.0,10000.0,10000.0,5700.0
2015-08-12,11000.0,11000.0,11000.0,11000.0,2100.0
2015-08-11,11000.0,11000.0,11000.0,11000.0,300.0
2015-08-06,11000.0,11000.0,11000.0,11000.0,3000.0
2015-08-04,11200.0,11200.0,11200.0,11200.0,13000.0
2015-08-03,11200.0,11200.0,11200.0,11200.0,500.0
2015-07-31,11100.0,11200.0,11200.0,11000.0,5700.0
2015-07-30,11600.0,11700.0,11700.0,11600.0,1200.0
2015-07-29,11700.0,11300.0,11700.0,11300.0,1100.0
2015-07-28,11100.0,11600.0,11600.0,11100.0,21000.0
2015-07-27,11700.0,11700.0,11700.0,11500.0,3400.0
2015-07-24,11700.0,11800.0,11800.0,11700.0,2500.0
2015-07-23,11800.0,11700.0,11800.0,11700.0,9500.0
2015-07-21,11600.0,11500.0,11600.0,11500.0,8500.0
2015-07-17,11700.0,12000.0,12000.0,11700.0,26000.0
2015-07-16,11800.0,11800.0,11800.0,11800.0,1000.0
2015-07-14,11700.0,11700.0,11700.0,11700.0,17100.0
2015-07-13,11700.0,11700.0,11700.0,11700.0,3600.0
2015-07-09,12400.0,11700.0,12400.0,11700.0,12700.0
2015-07-07,11800.0,11800.0,11800.0,11800.0,5000.0
2015-07-06,11800.0,11800.0,11800.0,11800.0,5150.0
2015-07-02,11800.0,11800.0,11800.0,11800.0,3900.0
2015-07-01,11800.0,11800.0,11800.0,11800.0,100.0
2015-06-30,12300.0,12300.0,12300.0,11900.0,1300.0
2015-06-29,11900.0,11800.0,11900.0,11800.0,4900.0
2015-06-26,11900.0,12500.0,12500.0,11900.0,5200.0
2015-06-23,11800.0,12000.0,12000.0,11800.0,2200.0
2015-06-19,11800.0,11800.0,11800.0,11800.0,100.0
2015-06-16,12400.0,12300.0,12400.0,12300.0,13900.0
2015-06-15,13000.0,13000.0,13000.0,13000.0,100.0
2015-06-12,12200.0,12200.0,12200.0,12200.0,2009.9999999999998
2015-06-11,12600.0,12600.0,12600.0,12600.0,100.0
2015-06-10,12200.0,12200.0,12200.0,12200.0,6400.0
2015-06-09,12300.0,12500.0,12500.0,12300.0,700.0
2015-06-08,12800.0,12400.0,12800.0,12200.0,17400.0
2015-06-05,12600.0,12200.0,12600.0,12200.0,1500.0
2015-06-04,12200.0,13200.0,13200.0,12200.0,1900.0
2015-06-03,12800.0,12000.0,13000.0,12000.0,11700.0
2015-06-02,11900.0,11900.0,11900.0,11900.0,6700.0
2015-05-28,12300.0,12300.0,12300.0,12100.0,460.0
2015-05-27,11900.0,11800.0,11900.0,11600.0,8100.0
2015-05-26,11900.0,12000.0,12000.0,11900.0,600.0
2015-05-25,12000.0,12300.0,12400.0,12000.0,6500.0
2015-05-22,12200.0,11000.0,12200.0,11000.0,5200.0
2015-05-21,11800.0,11800.0,11900.0,11800.0,1800.0
2015-05-20,12100.0,12200.0,12200.0,12100.0,300.0
2015-05-19,12000.0,11400.0,12000.0,11400.0,600.0
2015-05-14,12300.0,12300.0,12300.0,12200.0,14000.0
2015-05-13,12100.0,11900.0,12100.0,11900.0,5000.0
2015-05-12,11600.0,11700.0,11700.0,11600.0,8400.0
2015-05-11,11300.0,11300.0,11400.0,11300.0,1800.0
2015-05-08,12100.0,12100.0,12100.0,12100.0,100.0
2015-05-07,12100.0,12300.0,12300.0,12100.0,200.0
2015-05-06,12500.0,11700.0,12700.0,11700.0,7300.0
2015-05-05,11600.0,11500.0,11600.0,11500.0,2200.0
2015-05-04,11600.0,11900.0,11900.0,11600.0,200.0
2015-04-27,11600.0,11300.0,11600.0,11200.0,2000.0
2015-04-24,12000.0,12000.0,12000.0,12000.0,4500.0
2015-04-23,12100.0,12000.0,12100.0,12000.0,10300.0
2015-04-22,12000.0,12000.0,12000.0,12000.0,3500.0
2015-04-21,12000.0,12100.0,12100.0,11900.0,17200.0
2015-04-20,12200.0,12200.0,12200.0,12100.0,3300.0
2015-04-17,12100.0,12100.0,12200.0,12100.0,16300.0
2015-04-16,12100.0,12000.0,12100.0,12000.0,33100.0
2015-04-15,12000.0,12300.0,12300.0,11900.0,24900.0
2015-04-14,12000.0,12500.0,12500.0,12000.0,300.0
2015-04-13,12000.0,12100.0,12400.0,11900.0,11900.0
2015-04-10,12000.0,12500.0,12500.0,11500.0,66900.0
2015-04-09,12500.0,13800.0,13800.0,12500.0,123900.0
2015-04-07,13800.0,13600.0,13900.0,13500.0,4200.0
2015-04-06,13900.0,13900.0,13900.0,13900.0,100.0
2015-04-03,14200.0,14300.0,14300.0,14200.0,2200.0
2015-04-02,14400.0,14300.0,14400.0,14000.0,2000.0
2015-04-01,14400.0,14300.0,14400.0,14000.0,4650.0
2015-03-31,14800.0,14800.0,14800.0,14800.0,500.0
2015-03-30,14900.0,14800.0,14900.0,14800.0,1500.0
2015-03-27,14600.0,14700.0,14700.0,14600.0,4000.0
2015-03-26,14800.0,14900.0,14900.0,14800.0,4000.0
2015-03-25,14800.0,14700.0,14800.0,14700.0,2800.0
2015-03-24,14700.0,14519.0,14700.0,14519.0,16000.0
2015-03-23,14609.0,14791.0,14791.0,14609.0,15200.0
2015-03-20,14609.0,14700.0,14700.0,14609.0,4900.0
2015-03-19,14609.0,14700.0,14700.0,14609.0,1300.0
2015-03-18,14700.0,14609.0,14700.0,14519.0,23500.0
2015-03-17,14519.0,14519.0,14519.0,14246.0,6500.0
2015-03-16,14519.0,14337.0,14700.0,14246.0,25600.0
2015-03-13,14700.0,14519.0,14700.0,14519.0,1600.0
2015-03-12,14519.0,14337.0,14519.0,14337.0,6500.0
2015-03-11,14337.0,14156.0,14337.0,14156.0,6000.0
2015-03-10,14246.0,14246.0,14246.0,14246.0,4000.0
2015-03-09,14246.0,14337.0,14337.0,14246.0,900.0
2015-03-06,14337.0,14246.0,14337.0,14156.0,14700.0
2015-03-05,14428.0,14337.0,14428.0,14337.0,23620.0
2015-03-04,14246.0,14428.0,14428.0,14156.0,18700.0
2015-03-03,14156.0,14246.0,14337.0,14156.0,11000.0
2015-03-02,14428.0,14428.0,14428.0,14065.0,29700.0
2015-02-27,14428.0,14428.0,14609.0,14428.0,4000.0
2015-02-26,14428.0,14428.0,14428.0,14428.0,1000.0
2015-02-25,14428.0,14428.0,14519.0,14428.0,3300.0
2015-02-24,14428.0,13883.0,14519.0,13883.0,4800.0
2015-02-13,14337.0,14065.0,14337.0,14065.0,7300.0
2015-02-12,13974.0,13974.0,14337.0,13974.0,8800.0
2015-02-11,13974.0,13974.0,13974.0,13974.0,3100.0
2015-02-10,14065.0,14156.0,14156.0,13974.0,11800.0
2015-02-09,14156.0,13974.0,14156.0,13974.0,1600.0
2015-02-06,14428.0,14519.0,14519.0,13974.0,3700.0
2015-02-05,14156.0,14065.0,14156.0,13974.0,3100.0
2015-02-04,14156.0,14065.0,14337.0,13974.0,11200.0
2015-02-03,14337.0,14246.0,14337.0,14156.0,2600.0
2015-02-02,14428.0,14156.0,14428.0,14065.0,17400.0
2015-01-30,14156.0,14337.0,14337.0,14065.0,16800.0
2015-01-29,14519.0,14337.0,14519.0,14337.0,5800.0
2015-01-28,14519.0,14519.0,14519.0,14246.0,17000.0
2015-01-27,14609.0,14609.0,14609.0,14246.0,19500.0
2015-01-26,14609.0,14519.0,14972.0,14519.0,12400.0
2015-01-23,14519.0,14791.0,14791.0,14519.0,24900.0
2015-01-22,15244.0,15244.0,15335.0,14972.0,3500.0
2015-01-21,15244.0,16333.0,16333.0,15244.0,18800.0
2015-01-20,16333.0,16424.0,16424.0,16333.0,12800.0
2015-01-19,16333.0,16333.0,16333.0,16333.0,7100.0
2015-01-16,16424.0,16424.0,16424.0,16424.0,400.0
2015-01-15,16424.0,16333.0,16424.0,16333.0,1700.0
2015-01-14,16333.0,16333.0,16333.0,16333.0,8500.0
2015-01-13,16333.0,16333.0,16333.0,16333.0,9500.0
2015-01-09,16333.0,16333.0,16333.0,16333.0,100.0
2015-01-08,15880.0,15970.0,15970.0,15880.0,19000.0
2015-01-07,16152.0,16152.0,16152.0,16152.0,3000.0
2015-01-06,16606.0,16606.0,16606.0,16606.0,100.0
2015-01-05,16333.0,16333.0,16333.0,16243.0,6400.0
