Date      ,Close  ,Open   ,High   ,Low    ,Volume
2020-05-06,67600.0,67300.0,67700.0,66500.0,855770.0
2020-05-05,67100.0,67000.0,68000.0,66800.0,489060.0
2020-05-04,67400.0,68000.0,68100.0,66800.0,852260.0
2020-04-29,68000.0,67000.0,68100.0,67000.0,1520000.0
2020-04-28,67000.0,66800.0,68500.0,65200.0,2049999.9999999998
2020-04-27,66800.0,69900.0,69900.0,66800.0,2550000.0
2020-04-24,68900.0,69200.0,69600.0,67500.0,972170.0
2020-04-23,69200.0,71000.0,71000.0,68800.0,1200000.0
2020-04-22,69300.0,69000.0,71100.0,69000.0,1610000.0
2020-04-21,71500.0,71000.0,71500.0,67800.0,2160000.0
2020-04-20,71900.0,71700.0,72400.0,70800.0,1030000.0
2020-04-17,71400.0,71500.0,71800.0,70900.0,1470000.0
2020-04-16,71200.0,70000.0,71200.0,69800.0,1060000.0
2020-04-15,70900.0,69700.0,71300.0,69700.0,1020000.0
2020-04-14,69900.0,70500.0,70800.0,67800.0,1940000.0
2020-04-13,70800.0,70600.0,71800.0,70000.0,1050000.0
2020-04-10,70600.0,71000.0,71900.0,69600.0,1600000.0
2020-04-09,71000.0,68000.0,72000.0,68000.0,1800000.0
2020-04-08,67500.0,67000.0,68200.0,66800.0,1780000.0
2020-04-07,68200.0,68000.0,69000.0,66800.0,1770000.0
2020-04-06,68000.0,67500.0,68300.0,66000.0,2110000.0
2020-04-03,65500.0,65000.0,66300.0,64000.0,1730000.0
2020-04-01,65000.0,61500.0,65900.0,61500.0,1230000.0
2020-03-31,62000.0,61500.0,64100.0,60000.0,957500.0
2020-03-30,61000.0,60100.0,61400.0,59800.0,1640000.0
2020-03-27,64100.0,63300.0,65900.0,62500.0,1570000.0
2020-03-26,63200.0,62000.0,64700.0,61500.0,1480000.0
2020-03-25,62000.0,60000.0,62000.0,59700.0,1840000.0
2020-03-24,58000.0,57200.0,58400.0,56600.0,1500000.0
2020-03-23,57200.0,57600.0,58500.0,57200.0,1880000.0
2020-03-20,61500.0,66000.0,66300.0,61500.0,2760000.0
2020-03-19,66000.0,67300.0,68700.0,66000.0,1190000.0
2020-03-18,69300.0,68000.0,70700.0,68000.0,1100000.0
2020-03-17,67500.0,63600.0,67500.0,63600.0,1360000.0
2020-03-16,67100.0,71000.0,71000.0,66500.0,1020000.0
2020-03-13,71000.0,66700.0,73000.0,66700.0,1860000.0
2020-03-12,71700.0,72000.0,73000.0,71700.0,1580000.0
2020-03-11,77000.0,80400.0,80400.0,74400.0,1810000.0
2020-03-10,79900.0,78000.0,79900.0,75400.0,1430000.0
2020-03-09,78600.0,79000.0,80900.0,78600.0,1210000.0
2020-03-06,84500.0,83000.0,85700.0,82000.0,884750.0
2020-03-05,83100.0,82200.0,83600.0,82200.0,833710.0
2020-03-04,81700.0,82000.0,82000.0,81000.0,581530.0
2020-03-03,82200.0,83500.0,83500.0,82200.0,848270.0
2020-03-02,81800.0,81500.0,82200.0,81300.0,668980.0
2020-02-28,82400.0,80100.0,83400.0,80100.0,1710000.0
2020-02-27,84000.0,84000.0,84600.0,82900.0,1230000.0
2020-02-26,85000.0,86000.0,86000.0,84000.0,1160000.0
2020-02-25,86200.0,86000.0,87000.0,85800.0,1230000.0
2020-02-24,87200.0,86000.0,88000.0,86000.0,995910.0
2020-02-21,89000.0,89500.0,89500.0,89000.0,898350.0
2020-02-20,89500.0,89700.0,90400.0,89200.0,541120.0
2020-02-19,89500.0,89000.0,89500.0,89000.0,264010.0
2020-02-18,89400.0,89600.0,89600.0,89000.0,432880.0
2020-02-17,89400.0,89300.0,89900.0,89100.0,343900.0
2020-02-14,89300.0,89000.0,89800.0,89000.0,432800.0
2020-02-13,89300.0,89200.0,89500.0,88800.0,633270.0
2020-02-12,89400.0,89800.0,89800.0,89100.0,609750.0
2020-02-11,89200.0,89000.0,89500.0,88900.0,520210.00000000006
2020-02-10,88900.0,89200.0,89500.0,88500.0,607060.0
2020-02-07,90000.0,89800.0,90800.0,89000.0,1170000.0
2020-02-06,89400.0,89000.0,90900.0,88800.0,889570.0
2020-02-05,88900.0,90200.0,90400.0,88800.0,731310.0
2020-02-04,89800.0,89000.0,89800.0,87700.0,1120000.0
2020-02-03,88700.0,84100.0,90200.0,83000.0,1460000.0
2020-01-31,88700.0,88000.0,89800.0,87700.0,1270000.0
2020-01-30,88900.0,92100.0,92400.0,87000.0,3540000.0
2020-01-22,93400.0,94000.0,95000.0,93100.0,877710.0
2020-01-21,94000.0,93900.0,94600.0,93600.0,749590.0
2020-01-20,94000.0,94500.0,94800.0,93500.0,832190.0
2020-01-17,94500.0,89500.0,94500.0,89500.0,2220000.0
2020-01-16,89500.0,89300.0,90300.0,88900.0,1170000.0
2020-01-15,89300.0,89600.0,89600.0,88800.0,1470000.0
2020-01-14,89400.0,89500.0,90000.0,89100.0,1000000.0
2020-01-13,89400.0,89000.0,89800.0,89000.0,1040000.0
2020-01-10,89500.0,88700.0,90400.0,87900.0,1530000.0
2020-01-09,88700.0,87700.0,88900.0,87700.0,722670.0
2020-01-08,87000.0,86900.0,87900.0,86200.0,722280.0
2020-01-07,87800.0,87000.0,87900.0,85400.0,1010000.0
2020-01-06,87500.0,89200.0,89500.0,87500.0,880110.0
2020-01-03,89900.0,91500.0,91800.0,89900.0,536130.0
2020-01-02,90800.0,90200.0,91400.0,89700.0,386290.0
2019-12-31,90200.0,90600.0,91100.0,90100.0,230770.0
2019-12-30,91000.0,90500.0,92200.0,90000.0,660140.0
2019-12-27,90500.0,89300.0,90500.0,88300.0,498870.0
2019-12-26,89400.0,90500.0,90500.0,89000.0,404110.0
2019-12-25,89900.0,90000.0,90900.0,89000.0,230880.0
2019-12-24,90000.0,90800.0,90800.0,88900.0,507600.0
2019-12-23,90900.0,88900.0,91000.0,88900.0,937250.0
2019-12-20,88300.0,88000.0,88500.0,87800.0,389360.0
2019-12-19,88000.0,86700.0,88200.0,86000.0,1010000.0
2019-12-18,86700.0,85400.0,86700.0,85300.0,845740.0
2019-12-17,85300.0,86400.0,87000.0,85300.0,266250.0
2019-12-16,86000.0,88400.0,88400.0,85000.0,665550.0
2019-12-13,88400.0,88100.0,88500.0,87500.0,746800.0
2019-12-12,87500.0,86100.0,88000.0,86000.0,464750.0
2019-12-11,85900.0,86000.0,86000.0,85200.0,415080.0
2019-12-10,85400.0,85300.0,85900.0,85000.0,512289.99999999994
2019-12-09,85200.0,84900.0,85700.0,84400.0,400740.0
2019-12-06,84900.0,84800.0,85200.0,84400.0,256399.99999999997
2019-12-05,84800.0,85000.0,85700.0,84600.0,378490.0
2019-12-04,84700.0,81900.0,84800.0,81500.0,376730.0
2019-12-03,82000.0,83000.0,84100.0,82000.0,635370.0
2019-12-02,83500.0,85300.0,85700.0,83000.0,438800.0
2019-11-29,85300.0,85600.0,85800.0,85000.0,318000.0
2019-11-28,85300.0,86000.0,86300.0,84900.0,494650.0
2019-11-27,86300.0,85500.0,87000.0,85300.0,484360.0
2019-11-26,84700.0,84500.0,85800.0,84500.0,727130.0
2019-11-25,84500.0,85500.0,86000.0,82600.0,1450000.0
2019-11-22,85500.0,87600.0,88500.0,85200.0,1350000.0
2019-11-21,87500.0,89100.0,89700.0,87500.0,1000000.0
2019-11-20,89500.0,91000.0,91000.0,89500.0,516280.0
2019-11-19,91000.0,88000.0,91000.0,88000.0,526560.0
2019-11-18,87600.0,89500.0,89900.0,87500.0,700550.0
2019-11-15,89700.0,90000.0,91000.0,89400.0,565270.0
2019-11-14,90900.0,90500.0,91400.0,90200.0,375320.0
2019-11-13,90500.0,92200.0,92200.0,90000.0,706550.0
2019-11-12,91700.0,91400.0,92100.0,91300.0,595820.0
2019-11-11,91300.0,91800.0,91800.0,91000.0,423790.0
2019-11-08,91500.0,91300.0,91900.0,90800.0,416510.0
2019-11-07,91300.0,91000.0,91900.0,91000.0,360850.0
2019-11-06,91000.0,90800.0,92300.0,90700.0,673230.0
2019-11-05,90800.0,92100.0,92500.0,90700.0,616630.0
2019-11-04,92000.0,89300.0,92500.0,89300.0,1090000.0
2019-11-01,88800.0,87700.0,89400.0,87500.0,1070000.0
2019-10-31,87700.0,88100.0,88500.0,87600.0,319340.0
2019-10-30,87800.0,86100.0,88200.0,86100.0,607710.0
2019-10-29,86400.0,87400.0,87500.0,86300.0,702620.0
2019-10-28,87400.0,88000.0,88200.0,87400.0,383850.0
2019-10-25,88000.0,86900.0,88500.0,86600.0,838210.0
2019-10-24,86900.0,85300.0,87000.0,85100.0,660180.0
2019-10-23,85300.0,85500.0,85800.0,84600.0,538120.0
2019-10-22,85400.0,84200.0,85800.0,84200.0,473090.0
2019-10-21,84200.0,84900.0,84900.0,83600.0,561470.0
2019-10-18,85000.0,85500.0,85800.0,84800.0,417240.0
2019-10-17,85200.0,86400.0,86400.0,84800.0,1020000.0
2019-10-16,86100.0,86200.0,86300.0,85700.0,668740.0
2019-10-15,85200.0,85000.0,85400.0,84700.0,648400.0
2019-10-14,85000.0,85500.0,86000.0,85000.0,620800.0
2019-10-11,85300.0,84500.0,85400.0,84400.0,730370.0
2019-10-10,84600.0,84900.0,85200.0,84500.0,753670.0
2019-10-09,84500.0,85100.0,85700.0,84500.0,860160.0
2019-10-08,85100.0,82800.0,85300.0,82800.0,1460000.0
2019-10-07,82800.0,84000.0,84500.0,82800.0,1130000.0
2019-10-04,83000.0,82000.0,83500.0,81800.0,1120000.0
2019-10-03,82000.0,81800.0,82000.0,80600.0,1000000.0
2019-10-02,82000.0,83400.0,83700.0,81700.0,1220000.0
2019-10-01,83400.0,82100.0,83600.0,81800.0,795100.0
2019-09-30,82100.0,82900.0,83300.0,81900.0,775770.0
2019-09-27,82900.0,81300.0,83100.0,80800.0,1390000.0
2019-09-26,81000.0,80700.0,81300.0,80300.0,1040000.0
2019-09-25,80700.0,80000.0,80900.0,79400.0,729340.0
2019-09-24,80600.0,79500.0,80800.0,78900.0,791470.0
2019-09-23,79000.0,81600.0,81900.0,79000.0,1190000.0
2019-09-20,81000.0,81500.0,82800.0,81000.0,2790000.0
2019-09-19,81500.0,81000.0,81700.0,80500.0,527230.0
2019-09-18,80600.0,81100.0,82500.0,80500.0,809820.0
2019-09-17,81100.0,80700.0,81300.0,80500.0,896290.0
2019-09-16,81000.0,81900.0,82700.0,80800.0,697310.0
2019-09-13,81900.0,79800.0,82000.0,79800.0,1410000.0
2019-09-12,79500.0,78500.0,79500.0,78500.0,800240.0
2019-09-11,78200.0,77300.0,78500.0,77300.0,141450.0
2019-09-10,77700.0,77200.0,79200.0,77100.0,651950.0
2019-09-09,77200.0,77300.0,77400.0,77000.0,236440.0
2019-09-06,77300.0,78000.0,78000.0,77000.0,287990.0
2019-09-05,77600.0,77200.0,78800.0,77200.0,408900.0
2019-09-04,77300.0,77500.0,77500.0,76900.0,527770.0
2019-09-03,77800.0,77800.0,77900.0,76700.0,580830.0
2019-08-30,77700.0,77000.0,77700.0,77000.0,280130.0
2019-08-29,76800.0,76900.0,77400.0,76500.0,422240.0
2019-08-28,77000.0,76800.0,77300.0,76800.0,588810.0
2019-08-27,76500.0,78200.0,78800.0,76000.0,1120000.0
2019-08-26,77800.0,78200.0,78600.0,77500.0,672220.0
2019-08-23,79200.0,80000.0,80200.0,79200.0,451500.0
2019-08-22,80000.0,80200.0,80400.0,79600.0,762090.0
2019-08-21,80000.0,76900.0,80300.0,76700.0,1930000.0
2019-08-20,76900.0,77800.0,77800.0,76700.0,453760.0
2019-08-19,76800.0,77900.0,78500.0,76700.0,692740.0
2019-08-16,77900.0,77800.0,78600.0,77800.0,551180.0
2019-08-15,79000.0,74600.0,79000.0,74600.0,510330.0
2019-08-14,76300.0,78000.0,78000.0,76300.0,354750.0
2019-08-13,76300.0,77200.0,77500.0,75900.0,809300.0
2019-08-12,77700.0,78500.0,78800.0,77200.0,475000.0
2019-08-09,78500.0,78700.0,79400.0,78400.0,638630.0
2019-08-08,78500.0,78500.0,79800.0,78100.0,612530.0
2019-08-07,78400.0,76300.0,78400.0,76300.0,567830.0
2019-08-06,76300.0,76400.0,76900.0,75800.0,1170000.0
2019-08-05,77400.0,79200.0,79700.0,77100.0,857570.0
2019-08-02,79100.0,79700.0,80500.0,79100.0,680000.0
2019-08-01,80500.0,80200.0,80500.0,79700.0,538850.0
2019-07-31,80200.0,80000.0,80500.0,79600.0,512820.00000000006
2019-07-30,80600.0,82000.0,82500.0,80600.0,1130000.0
2019-07-29,81000.0,78500.0,81000.0,78300.0,986830.0
2019-07-26,78500.0,77700.0,79700.0,77500.0,942260.0
2019-07-25,77700.0,76900.0,77800.0,76700.0,457360.0
2019-07-24,76900.0,79500.0,79500.0,76500.0,1380000.0
2019-07-23,78900.0,78900.0,79300.0,78500.0,626060.0
2019-07-22,79000.0,79000.0,79500.0,78700.0,930520.0
2019-07-19,79000.0,76400.0,79800.0,76400.0,1320000.0
2019-07-18,76400.0,75900.0,77200.0,75600.0,858680.0
2019-07-17,76200.0,76500.0,77100.0,75800.0,802350.0
2019-07-16,77200.0,75500.0,78000.0,75400.0,1900000.0
2019-07-15,75000.0,73700.0,75000.0,73700.0,1090000.0
2019-07-12,73700.0,74000.0,74500.0,73600.0,926210.0
2019-07-11,74000.0,72600.0,74600.0,72600.0,1290000.0
2019-07-10,72500.0,72500.0,72700.0,71900.0,639160.0
2019-07-09,71900.0,71500.0,71900.0,70600.0,668550.0
2019-07-08,71300.0,72000.0,72300.0,71000.0,723300.0
2019-07-05,72600.0,72500.0,72600.0,72000.0,425620.0
2019-07-04,72500.0,70000.0,72500.0,69700.0,1130000.0
2019-07-03,69600.0,70500.0,71000.0,69600.0,796720.0
2019-07-02,70500.0,71500.0,71500.0,70300.0,363020.0
2019-07-01,71300.0,71000.0,71900.0,70900.0,565640.0
2019-06-28,70500.0,69600.0,72000.0,68400.0,830140.0
2019-06-27,69500.0,71000.0,71000.0,69400.0,1190000.0
2019-06-26,70500.0,72400.0,72500.0,70500.0,918850.0
2019-06-25,72400.0,72800.0,72800.0,72000.0,390840.0
2019-06-24,73000.0,71500.0,73800.0,71000.0,1410000.0
2019-06-21,71000.0,71500.0,72000.0,71000.0,1790000.0
2019-06-20,71500.0,69700.0,71500.0,69600.0,934290.0
2019-06-19,69800.0,70400.0,70700.0,69400.0,767310.0
2019-06-18,70300.0,69000.0,70500.0,68200.0,958120.0
2019-06-17,69200.0,69200.0,70300.0,69000.0,1020000.0
2019-06-14,69200.0,67500.0,69600.0,67300.0,2480000.0
2019-06-13,67300.0,67000.0,67500.0,66400.0,546960.0
2019-06-12,67000.0,67400.0,67500.0,66900.0,212910.0
2019-06-11,67400.0,66500.0,67500.0,66500.0,280100.0
2019-06-10,66700.0,66800.0,67500.0,66000.0,585460.0
2019-06-07,65600.0,66500.0,67000.0,65200.0,490880.0
2019-06-06,65900.0,66700.0,66700.0,65000.0,394550.0
2019-06-05,66700.0,67200.0,67500.0,66700.0,269120.0
2019-06-04,67200.0,66000.0,67500.0,65900.0,387780.0
2019-06-03,66500.0,66500.0,67200.0,64000.0,593660.0
2019-05-31,67200.0,67500.0,68000.0,66800.0,712090.0
2019-05-30,67700.0,67500.0,68100.0,67300.0,320900.0
2019-05-29,67500.0,67600.0,68100.0,67200.0,313510.0
2019-05-28,67400.0,67000.0,68600.0,66800.0,664400.0
2019-05-27,67400.0,67000.0,67800.0,66500.0,341320.0
2019-05-24,66500.0,67300.0,68000.0,66100.0,931250.0
2019-05-23,67600.0,67400.0,68000.0,67100.0,378440.0
2019-05-22,67200.0,67500.0,68600.0,67000.0,662700.0
2019-05-21,67700.0,67900.0,68400.0,67700.0,473170.0
2019-05-20,67800.0,66800.0,68100.0,66700.0,607060.0
2019-05-17,66800.0,66800.0,67000.0,66600.0,449040.0
2019-05-16,66800.0,66800.0,67400.0,66800.0,412210.0
2019-05-15,66800.0,66700.0,67400.0,66500.0,734230.0
2019-05-14,66600.0,65400.0,66600.0,65400.0,628480.0
2019-05-13,65900.0,65800.0,66100.0,65600.0,475420.0
2019-05-10,65600.0,65500.0,66100.0,65200.0,554370.0
2019-05-09,65500.0,65400.0,66000.0,65100.0,659180.0
2019-05-08,65100.0,64600.0,65600.0,64600.0,947120.0
2019-05-07,65600.0,66300.0,67000.0,64800.0,1100000.0
2019-05-06,66300.0,66200.0,66800.0,65900.0,364560.0
2019-05-03,66700.0,66800.0,67200.0,66100.0,789780.0
2019-05-02,66900.0,67600.0,67900.0,66400.0,628430.0
2019-04-26,67900.0,67800.0,68300.0,67500.0,277260.0
2019-04-25,67700.0,68500.0,68500.0,67700.0,348700.0
2019-04-24,68500.0,67500.0,69200.0,67500.0,684540.0
2019-04-23,67500.0,68000.0,68000.0,66100.0,1260000.0
2019-04-22,67900.0,67100.0,68100.0,67000.0,313210.0
2019-04-19,68000.0,67900.0,68500.0,67900.0,232550.0
2019-04-18,67900.0,67500.0,68700.0,67500.0,554820.0
2019-04-17,68000.0,67900.0,68200.0,67000.0,516710.00000000006
2019-04-16,67400.0,68000.0,68000.0,66400.0,404640.0
2019-04-12,68000.0,68600.0,68600.0,67600.0,355400.0
2019-04-11,68500.0,69000.0,69000.0,67700.0,405090.0
2019-04-10,68900.0,69500.0,69500.0,68800.0,719030.0
2019-04-09,69800.0,69700.0,70000.0,69400.0,759180.0
2019-04-08,69700.0,68100.0,69700.0,67900.0,1120000.0
2019-04-05,68100.0,67800.0,68200.0,67800.0,477530.0
2019-04-04,67700.0,67200.0,67900.0,66800.0,948960.0
2019-04-03,67200.0,67500.0,67600.0,66500.0,445650.0
2019-04-02,67500.0,68000.0,68500.0,67500.0,556970.0
2019-04-01,67800.0,67900.0,67900.0,67600.0,684060.0
2019-03-29,67300.0,67000.0,67500.0,66800.0,678050.0
2019-03-28,66700.0,65700.0,66700.0,65400.0,742470.0
2019-03-27,65500.0,65900.0,65900.0,64700.0,538180.0
2019-03-26,65500.0,66100.0,66500.0,65500.0,1130000.0
2019-03-25,65500.0,65000.0,66000.0,64000.0,1640000.0
2019-03-22,66900.0,66800.0,67000.0,66500.0,1380000.0
2019-03-21,66600.0,66900.0,67900.0,66500.0,1530000.0
2019-03-20,66700.0,66700.0,67200.0,66200.0,2440000.0
2019-03-19,66800.0,67600.0,67600.0,66700.0,1390000.0
2019-03-18,67600.0,66500.0,67800.0,66500.0,1940000.0
2019-03-15,66000.0,67200.0,67200.0,66000.0,2620000.0
2019-03-14,67000.0,65200.0,67000.0,64500.0,2270000.0
2019-03-13,65200.0,65000.0,65200.0,64500.0,1680000.0
2019-03-12,64800.0,63000.0,64800.0,62700.0,2190000.0
2019-03-11,62600.0,62400.0,62700.0,61900.0,1020000.0
2019-03-08,62800.0,62400.0,63000.0,62100.0,997370.0
2019-03-07,63100.0,62700.0,63800.0,62600.0,1900000.0
2019-03-06,62700.0,63100.0,63300.0,61900.0,1080000.0
2019-03-05,63000.0,62800.0,63800.0,62500.0,1580000.0
2019-03-04,62800.0,62200.0,63000.0,62200.0,1350000.0
2019-03-01,62200.0,61000.0,62200.0,60800.0,713500.0
2019-02-28,60500.0,61900.0,62500.0,60500.0,2029999.9999999998
2019-02-27,61900.0,62800.0,63000.0,61600.0,1150000.0
2019-02-26,63000.0,63400.0,63500.0,61900.0,1980000.0
2019-02-25,63400.0,62500.0,63900.0,62300.0,2080000.0
2019-02-22,62000.0,60200.0,62400.0,60000.0,2500000.0
2019-02-21,60100.0,59500.0,60100.0,59100.0,2040000.0
2019-02-20,59100.0,59300.0,59600.0,58900.0,818480.0
2019-02-19,59000.0,60000.0,60200.0,59000.0,1300000.0
2019-02-18,60000.0,59500.0,60000.0,59500.0,1030000.0
2019-02-15,59300.0,60000.0,60000.0,59200.0,1250000.0
2019-02-14,60200.0,59800.0,60300.0,59600.0,1630000.0
2019-02-13,59800.0,58600.0,59900.0,58600.0,1850000.0
2019-02-12,58600.0,58100.0,59000.0,57800.0,1680000.0
2019-02-11,58100.0,57000.0,58200.0,56800.0,1400000.0
2019-02-01,56500.0,57000.0,57400.0,56500.0,827040.0
2019-01-31,56800.0,56800.0,57400.0,56800.0,1150000.0
2019-01-30,56700.0,56700.0,57200.0,56700.0,1150000.0
2019-01-29,56700.0,55500.0,56700.0,55200.0,973050.0
2019-01-28,55500.0,56000.0,56000.0,55500.0,336990.0
2019-01-25,55800.0,55500.0,56100.0,55400.0,1010000.0
2019-01-24,55400.0,55400.0,55600.0,55000.0,463870.0
2019-01-23,55400.0,54900.0,55500.0,54900.0,514720.0
2019-01-22,55200.0,56000.0,56000.0,55200.0,398340.0
2019-01-21,55800.0,54600.0,56200.0,54500.0,870530.0
2019-01-18,54800.0,55200.0,55400.0,54800.0,542400.0
2019-01-17,55200.0,55300.0,55700.0,55100.0,460060.0
2019-01-16,55400.0,56300.0,56300.0,55000.0,706160.0
2019-01-15,55900.0,55300.0,56100.0,55200.0,1070000.0
2019-01-14,55300.0,55200.0,55500.0,54900.0,759980.0
2019-01-11,55200.0,55200.0,55500.0,54900.0,1120000.0
2019-01-10,55000.0,55800.0,55800.0,55000.0,794870.0
2019-01-09,55800.0,55500.0,56100.0,54800.0,1140000.0
2019-01-08,55000.0,55000.0,55200.0,54500.0,1320000.0
2019-01-07,54600.0,55300.0,55500.0,54500.0,1180000.0
2019-01-04,54400.0,53300.0,54400.0,52600.0,1310000.0
2019-01-03,53600.0,54000.0,54100.0,52700.0,1070000.0
2019-01-02,53600.0,53900.0,54300.0,53500.0,1080000.0
2018-12-28,53500.0,53800.0,54500.0,53300.0,781690.0
2018-12-27,53500.0,54000.0,54300.0,53500.0,571770.0
2018-12-26,52800.0,52600.0,53500.0,52600.0,782180.0
2018-12-25,52700.0,52000.0,53000.0,51000.0,1960000.0
2018-12-24,53100.0,54500.0,54900.0,53100.0,864160.0
2018-12-21,54500.0,54500.0,54500.0,53800.0,1690000.0
2018-12-20,54600.0,54300.0,55200.0,54300.0,877260.0
2018-12-19,54400.0,55100.0,55400.0,54100.0,1130000.0
2018-12-18,55100.0,54100.0,55500.0,54100.0,1460000.0
2018-12-17,54800.0,56000.0,56400.0,54800.0,1790000.0
2018-12-14,56500.0,57500.0,57600.0,56500.0,880580.0
2018-12-13,57600.0,58300.0,58400.0,57600.0,851900.0
2018-12-12,58000.0,57300.0,58000.0,56800.0,1470000.0
2018-12-11,56800.0,56900.0,57200.0,56200.0,1120000.0
2018-12-10,56900.0,57200.0,57400.0,56600.0,1050000.0
2018-12-07,57200.0,57400.0,57700.0,57100.0,835390.0
2018-12-06,56900.0,57400.0,58000.0,56700.0,2260000.0
2018-12-05,57800.0,57000.0,58200.0,56500.0,2009999.9999999998
2018-12-04,57600.0,57800.0,58300.0,57100.0,1370000.0
2018-12-03,58000.0,56700.0,58000.0,56200.0,2230000.0
2018-11-30,55400.0,54900.0,56000.0,54800.0,1430000.0
2018-11-29,55000.0,55600.0,56400.0,55000.0,2360000.0
2018-11-28,55100.0,53400.0,55100.0,53400.0,1480000.0
2018-11-27,53400.0,54400.0,54700.0,53200.0,1280000.0
2018-11-26,54000.0,54000.0,54300.0,53700.0,673900.0
2018-11-23,54000.0,54700.0,55000.0,54000.0,897050.0
2018-11-22,54800.0,55000.0,55500.0,54700.0,961120.0
2018-11-21,55400.0,53100.0,55400.0,53000.0,1910000.0
2018-11-20,53800.0,54000.0,54000.0,53300.0,1090000.0
2018-11-19,54000.0,54000.0,54000.0,53200.0,1150000.0
2018-11-16,53200.0,54000.0,54100.0,53100.0,1230000.0
2018-11-15,53400.0,53200.0,53600.0,52500.0,828510.0
2018-11-14,53200.0,53600.0,54300.0,52800.0,530120.0
2018-11-13,53600.0,53300.0,54300.0,53300.0,601520.0
2018-11-12,54600.0,54000.0,54600.0,52800.0,687980.0
2018-11-09,54300.0,55200.0,55700.0,54300.0,885690.0
2018-11-08,55700.0,56700.0,56800.0,55700.0,575720.0
2018-11-07,55500.0,55800.0,56200.0,55100.0,668290.0
2018-11-06,55800.0,57000.0,57000.0,55800.0,667710.0
2018-11-05,56500.0,55900.0,56500.0,55600.0,873020.0
2018-11-02,56200.0,55000.0,56300.0,55000.0,1140000.0
2018-11-01,55000.0,55800.0,55900.0,54800.0,1220000.0
2018-10-31,55600.0,54200.0,56700.0,54200.0,1250000.0
2018-10-30,54200.0,52900.0,54300.0,52700.0,1340000.0
2018-10-29,52900.0,53300.0,53900.0,52500.0,1260000.0
2018-10-26,53500.0,55900.0,55900.0,53500.0,1220000.0
2018-10-25,54800.0,53000.0,55200.0,53000.0,1740000.0
2018-10-24,55500.0,55800.0,56600.0,55500.0,1470000.0
2018-10-23,55800.0,57000.0,57300.0,54000.0,2350000.0
2018-10-22,57100.0,58500.0,58800.0,57100.0,1200000.0
2018-10-19,57700.0,57000.0,58600.0,57000.0,1190000.0
2018-10-18,58000.0,59000.0,59200.0,57900.0,1610000.0
2018-10-17,59200.0,59900.0,59900.0,59100.0,1290000.0
2018-10-16,59200.0,59000.0,59600.0,58900.0,1080000.0
2018-10-15,59100.0,59800.0,60000.0,58700.0,1160000.0
2018-10-12,59900.0,57000.0,59900.0,57000.0,2270000.0
2018-10-11,57700.0,60000.0,60000.0,57500.0,3430000.0
2018-10-10,61700.0,61900.0,62000.0,61400.0,781330.0
2018-10-09,61700.0,61800.0,62200.0,61600.0,868060.0
2018-10-08,61600.0,62000.0,62400.0,61600.0,1350000.0
2018-10-05,62100.0,62500.0,63000.0,62100.0,1630000.0
2018-10-04,62200.0,62200.0,63187.0,62003.0,2300000.0
2018-10-03,62200.0,62595.0,62694.0,61706.0,1030000.0
2018-10-02,62200.0,61706.0,62299.0,61410.0,1600000.0
2018-10-01,61706.0,62694.0,62694.0,61706.0,1930000.0
2018-09-28,62200.0,62891.0,63187.0,62200.0,2100000.0
2018-09-27,62595.0,62990.0,63385.0,62397.0,2120000.0
2018-09-26,62990.0,63582.0,64076.0,62990.0,2100000.0
2018-09-25,63582.0,63977.0,64372.0,63582.0,1030000.0
2018-09-24,64372.0,64668.0,64866.0,63977.0,1090000.0
2018-09-21,64600.0,65000.0,65700.0,64000.0,4890000.0
2018-09-20,64400.0,63300.0,64600.0,63300.0,1710000.0
2018-09-19,63300.0,63700.0,63700.0,63100.0,1080000.0
2018-09-18,63300.0,62500.0,63300.0,62300.0,1080000.0
2018-09-17,62900.0,64000.0,64000.0,62900.0,1010000.0
2018-09-14,64000.0,63200.0,64400.0,63200.0,2410000.0
2018-09-13,62900.0,62800.0,63400.0,62600.0,1070000.0
2018-09-12,62600.0,63200.0,63600.0,62500.0,1590000.0
2018-09-11,63000.0,61500.0,63100.0,61500.0,1540000.0
2018-09-10,62000.0,62000.0,62600.0,61100.0,1510000.0
2018-09-07,62000.0,60100.0,62200.0,60100.0,1600000.0
2018-09-06,60300.0,60600.0,61000.0,60200.0,796450.0
2018-09-05,60600.0,61000.0,61800.0,60300.0,1770000.0
2018-09-04,61000.0,62500.0,62600.0,60900.0,2049999.9999999998
2018-08-31,62500.0,63800.0,64000.0,62000.0,1950000.0
2018-08-30,63800.0,63100.0,64200.0,62400.0,1340000.0
2018-08-29,63100.0,63900.0,64100.0,63100.0,1120000.0
2018-08-28,64000.0,63500.0,64300.0,62900.0,2590000.0
2018-08-27,63100.0,62500.0,63500.0,62400.0,1810000.0
2018-08-24,62000.0,62600.0,62600.0,61800.0,1780000.0
2018-08-23,62600.0,62000.0,62800.0,61600.0,1300000.0
2018-08-22,61900.0,62800.0,63000.0,61900.0,1490000.0
2018-08-21,62700.0,61000.0,62700.0,61000.0,1720000.0
2018-08-20,61400.0,62000.0,62500.0,61400.0,1600000.0
2018-08-17,62000.0,61100.0,62900.0,60800.0,2710000.0
2018-08-16,60600.0,60000.0,61000.0,58900.0,3430000.0
2018-08-15,60600.0,63200.0,63400.0,60500.0,3240000.0
2018-08-14,62800.0,63800.0,63800.0,62700.0,1270000.0
2018-08-13,63800.0,63000.0,63800.0,62200.0,2400000.0
2018-08-10,63500.0,61000.0,63500.0,61000.0,3850000.0
2018-08-09,61300.0,62100.0,62700.0,61300.0,2510000.0
2018-08-08,62100.0,61600.0,62400.0,61000.0,2190000.0
2018-08-07,61500.0,58800.0,61900.0,58600.0,5490000.0
2018-08-06,59000.0,58200.0,59600.0,58200.0,1780000.0
2018-08-03,58500.0,59500.0,59700.0,58100.0,1770000.0
2018-08-02,59000.0,58200.0,59000.0,57700.0,1860000.0
2018-08-01,58600.0,59100.0,59200.0,58400.0,1900000.0
2018-07-31,58500.0,57100.0,59300.0,56800.0,3440000.0
2018-07-30,57300.0,57000.0,57400.0,56500.0,1290000.0
2018-07-27,56500.0,56700.0,57300.0,56200.0,979280.0
2018-07-26,56700.0,55400.0,56700.0,54500.0,2110000.0
2018-07-25,55300.0,57300.0,57400.0,55300.0,1260000.0
2018-07-24,57000.0,57000.0,57400.0,56000.0,1680000.0
2018-07-23,56600.0,56800.0,58400.0,56500.0,2620000.0
2018-07-20,56800.0,56500.0,57200.0,55100.0,2200000.0
2018-07-19,56800.0,57700.0,57800.0,56700.0,1700000.0
2018-07-18,57500.0,55800.0,57500.0,55800.0,2470000.0
2018-07-17,55800.0,54000.0,55800.0,54000.0,1590000.0
2018-07-16,54900.0,55000.0,55500.0,54300.0,1300000.0
2018-07-13,54800.0,53300.0,54900.0,52000.0,1710000.0
2018-07-12,52400.0,51200.0,53600.0,50500.0,1420000.0
2018-07-11,51200.0,51900.0,52500.0,50100.0,3310000.0
2018-07-10,53100.0,55500.0,55500.0,53100.0,1360000.0
2018-07-09,54000.0,55000.0,56400.0,54000.0,1430000.0
2018-07-06,55000.0,51100.0,55400.0,50500.0,3440000.0
2018-07-05,52000.0,55400.0,55600.0,52000.0,2870000.0
2018-07-04,55600.0,56200.0,56500.0,54700.0,2450000.0
2018-07-03,56000.0,58300.0,58300.0,56000.0,3360000.0
2018-07-02,58100.0,57500.0,58400.0,55400.0,2850000.0
2018-06-29,58000.0,57900.0,58700.0,56800.0,1440000.0
2018-06-28,57900.0,57000.0,58700.0,57000.0,2110000.0
2018-06-27,58000.0,59000.0,60500.0,58000.0,2600000.0
2018-06-26,59300.0,58500.0,59400.0,58000.0,1350000.0
2018-06-25,59400.0,60000.0,60200.0,58900.0,2420000.0
2018-06-22,58700.0,56100.0,58700.0,55500.0,2530000.0
2018-06-21,57000.0,58000.0,58200.0,56400.0,1640000.0
2018-06-20,58100.0,57000.0,58700.0,56200.0,2770000.0
2018-06-19,56500.0,54500.0,56500.0,54000.0,5150000.0
2018-06-18,56500.0,58900.0,59000.0,56000.0,2460000.0
2018-06-15,59000.0,57500.0,59000.0,57400.0,2560000.0
2018-06-14,58100.0,59900.0,59900.0,58000.0,2810000.0
2018-06-13,59900.0,57600.0,59900.0,57600.0,2049999.9999999998
2018-06-12,58000.0,58500.0,59000.0,56500.0,3020000.0
2018-06-11,59000.0,59400.0,60300.0,58500.0,2450000.0
2018-06-08,59700.0,58300.0,60400.0,58300.0,2690000.0
2018-06-07,58700.0,59000.0,59300.0,58400.0,2540000.0
2018-06-06,59100.0,58100.0,59700.0,57600.0,2180000.0
2018-06-05,58600.0,58600.0,59600.0,57700.0,3530000.0
2018-06-04,59300.0,56500.0,59600.0,56000.0,3840000.0
2018-06-01,57000.0,54100.0,57500.0,53900.0,5930000.0
2018-05-31,54100.0,51500.0,54500.0,51400.0,3740000.0
2018-05-30,52000.0,51000.0,52800.0,50500.0,4430000.0
2018-05-29,50000.0,47500.0,50000.0,46800.0,2610000.0
2018-05-28,46800.0,49000.0,49600.0,46800.0,4580000.0
2018-05-25,50000.0,53400.0,53700.0,50000.0,2720000.0
2018-05-24,53300.0,54500.0,54800.0,53000.0,1310000.0
2018-05-23,54500.0,53000.0,54500.0,52000.0,2049999.9999999998
2018-05-22,53400.0,54900.0,55500.0,52000.0,3240000.0
2018-05-21,55700.0,56500.0,57400.0,55700.0,1840000.0
2018-05-18,56500.0,56900.0,57100.0,54800.0,2440000.0
2018-05-17,56800.0,57000.0,57400.0,56200.0,2080000.0
2018-05-16,57000.0,58500.0,58900.0,57000.0,2370000.0
2018-05-15,58700.0,58300.0,59800.0,58200.0,2500000.0
2018-05-14,58300.0,58200.0,58500.0,56900.0,1520000.0
2018-05-11,57900.0,56500.0,58000.0,54500.0,3950000.0
2018-05-10,56500.0,59900.0,60200.0,55600.0,4430000.0
2018-05-09,59500.0,60700.0,61000.0,59500.0,2790000.0
2018-05-08,61000.0,61300.0,62200.0,61000.0,2950000.0
2018-05-07,62100.0,59800.0,62100.0,59300.0,3510000.0
2018-05-04,59000.0,60200.0,60700.0,58900.0,3230000.0
2018-05-03,59600.0,58200.0,59700.0,56900.0,3450000.0
2018-05-02,58200.0,60600.0,61000.0,57800.0,2860000.0
2018-04-27,60000.0,58200.0,60200.0,58100.0,2940000.0
2018-04-26,58200.0,60000.0,61300.0,58000.0,4670000.0
2018-04-24,60000.0,59000.0,60700.0,58000.0,4450000.0
2018-04-23,59600.0,64500.0,64800.0,59600.0,2880000.0
2018-04-20,64000.0,61200.0,64000.0,60700.0,3000000.0
2018-04-19,61000.0,64400.0,64500.0,61000.0,4910000.0
2018-04-18,64800.0,67800.0,67800.0,64800.0,2009999.9999999998
2018-04-17,67000.0,66000.0,67000.0,65500.0,2100000.0
2018-04-16,65900.0,67200.0,67600.0,65100.0,3990000.0
2018-04-13,67900.0,71300.0,71400.0,67500.0,5150000.0
2018-04-12,70900.0,70900.0,71500.0,70000.0,3260000.0
2018-04-11,71200.0,74700.0,74800.0,70000.0,3910000.0
2018-04-10,74500.0,74500.0,75300.0,73600.0,5030000.0
2018-04-09,73800.0,73500.0,74300.0,73500.0,2690000.0
2018-04-06,73500.0,73600.0,74800.0,73400.0,2350000.0
2018-04-05,73500.0,73800.0,74000.0,72600.0,1760000.0
2018-04-04,73500.0,74500.0,74800.0,73500.0,2089999.9999999998
2018-04-03,74300.0,74000.0,75300.0,73500.0,3500000.0
2018-04-02,74000.0,71000.0,74000.0,70800.0,3060000.0
2018-03-30,70500.0,71000.0,71400.0,70200.0,1280000.0
2018-03-29,71000.0,70800.0,71600.0,70100.0,1460000.0
2018-03-28,70500.0,69900.0,71300.0,69800.0,1640000.0
2018-03-27,71000.0,72800.0,72900.0,70600.0,2320000.0
2018-03-26,71900.0,70000.0,71900.0,69600.0,1820000.0
2018-03-23,69900.0,68500.0,70700.0,68500.0,4560000.0
2018-03-22,72000.0,74000.0,74000.0,72000.0,3870000.0
2018-03-21,73500.0,74500.0,75200.0,73500.0,2950000.0
2018-03-20,74000.0,73300.0,74900.0,73300.0,1840000.0
2018-03-19,74300.0,75600.0,76500.0,73000.0,2800000.0
2018-03-16,74700.0,74500.0,75300.0,74100.0,5330000.0
2018-03-15,73800.0,73000.0,74500.0,72800.0,2110000.0
2018-03-14,73800.0,72600.0,74300.0,72600.0,4050000.0
2018-03-13,72000.0,72000.0,72600.0,70600.0,2150000.0
2018-03-12,72000.0,72000.0,73400.0,71500.0,2900000.0
2018-03-09,71000.0,70500.0,71500.0,69600.0,3240000.0
2018-03-08,69500.0,69600.0,70400.0,68800.0,1550000.0
2018-03-07,69600.0,71500.0,71900.0,68500.0,2280000.0
2018-03-06,71200.0,69000.0,71500.0,67700.0,3100000.0
2018-03-05,68000.0,72000.0,72500.0,68000.0,2910000.0
2018-03-02,71800.0,70000.0,72000.0,70000.0,2530000.0
2018-03-01,71500.0,72600.0,74600.0,71000.0,3620000.0
2018-02-28,73800.0,72100.0,75000.0,72000.0,3480000.0
2018-02-27,73200.0,72900.0,73500.0,71700.0,2250000.0
2018-02-26,71900.0,74300.0,74300.0,71400.0,3450000.0
2018-02-23,71400.0,67000.0,71400.0,66700.0,4830000.0
2018-02-22,66800.0,65600.0,67400.0,65400.0,2350000.0
2018-02-21,66200.0,65000.0,67900.0,64500.0,2130000.0
2018-02-13,64000.0,64300.0,64900.0,63600.0,1530000.0
2018-02-12,63500.0,62000.0,63500.0,60700.0,1850000.0
2018-02-09,60900.0,58500.0,62300.0,58500.0,2410000.0
2018-02-08,62900.0,62600.0,63500.0,61500.0,855160.0
2018-02-07,63500.0,65000.0,65200.0,62800.0,1640000.0
2018-02-06,62000.0,58400.0,63000.0,58400.0,6720000.0
2018-02-05,62700.0,66000.0,67000.0,62700.0,2690000.0
2018-02-02,67400.0,67500.0,67500.0,66600.0,1650000.0
2018-02-01,66600.0,66400.0,67800.0,65800.0,2170000.0
2018-01-31,66600.0,67000.0,68900.0,66200.0,1940000.0
2018-01-30,67000.0,66500.0,67800.0,66200.0,2820000.0
2018-01-29,68000.0,70000.0,71500.0,67800.0,2280000.0
2018-01-26,69100.0,69400.0,70000.0,66500.0,2620000.0
2018-01-25,67700.0,65500.0,67700.0,63800.0,4790000.0
2018-01-22,63300.0,62000.0,63400.0,61700.0,2300000.0
2018-01-19,61000.0,58600.0,61400.0,58300.0,3000000.0
2018-01-18,58500.0,56000.0,58500.0,55900.0,2850000.0
2018-01-17,56200.0,59800.0,59900.0,56200.0,2080000.0
2018-01-16,60000.0,59300.0,60300.0,58800.0,2220000.0
2018-01-15,60000.0,58000.0,60000.0,57000.0,2060000.0
2018-01-12,58000.0,58800.0,59400.0,58000.0,2530000.0
2018-01-11,58800.0,57500.0,58800.0,57200.0,1770000.0
2018-01-10,58000.0,58300.0,59200.0,57300.0,2840000.0
2018-01-09,58500.0,56000.0,58500.0,54500.0,2850000.0
2018-01-08,55400.0,54000.0,55500.0,53000.0,2069999.9999999998
2018-01-05,54000.0,55100.0,55100.0,53900.0,2049999.9999999998
2018-01-04,55400.0,54600.0,55400.0,54300.0,1990000.0
2018-01-03,54900.0,55500.0,55700.0,54500.0,1840000.0
2018-01-02,55000.0,54000.0,55400.0,53600.0,2800000.0
2017-12-29,54300.0,54000.0,55000.0,53900.0,2750000.0
2017-12-28,54100.0,52500.0,54900.0,52500.0,2320000.0
2017-12-27,52500.0,51400.0,52800.0,51100.0,2210000.0
2017-12-26,51400.0,51500.0,51700.0,50500.0,1700000.0
2017-12-25,51400.0,51000.0,51700.0,50800.0,1490000.0
2017-12-22,50800.0,48200.0,50800.0,48050.0,4460000.0
2017-12-21,48500.0,49000.0,49200.0,48500.0,1550000.0
2017-12-20,49000.0,47750.0,49350.0,47400.0,2590000.0
2017-12-19,47750.0,47900.0,48450.0,47350.0,1960000.0
2017-12-18,47800.0,47000.0,48200.0,46600.0,2350000.0
2017-12-15,46000.0,45300.0,46500.0,45200.0,2570000.0
2017-12-14,45300.0,44000.0,45500.0,43900.0,2170000.0
2017-12-13,44000.0,45000.0,45100.0,43700.0,1180000.0
2017-12-12,44700.0,45300.0,45400.0,41600.0,2440000.0
2017-12-11,44600.0,46000.0,46900.0,44600.0,1450000.0
2017-12-08,47050.0,47600.0,47600.0,46500.0,1520000.0
2017-12-07,47600.0,48000.0,48000.0,46700.0,2740000.0
2017-12-06,48000.0,48000.0,48300.0,47100.0,2100000.0
2017-12-05,48100.0,49000.0,50000.0,48100.0,1980000.0
2017-12-04,49400.0,48500.0,49400.0,48300.0,1940000.0
2017-12-01,48300.0,48600.0,48900.0,48000.0,2089999.9999999998
2017-11-30,48500.0,48800.0,50000.0,48500.0,2000000.0
2017-11-29,49000.0,48000.0,49000.0,48000.0,1440000.0
2017-11-28,48200.0,48100.0,48400.0,47500.0,1710000.0
2017-11-27,47900.0,47500.0,48200.0,46800.0,2240000.0
2017-11-24,47400.0,47500.0,47700.0,47000.0,1360000.0
2017-11-23,47900.0,48700.0,48900.0,46850.0,2670000.0
2017-11-22,48000.0,46700.0,48100.0,46700.0,3120000.0
2017-11-21,46700.0,45300.0,47700.0,45200.0,3800000.0
2017-11-20,45000.0,44400.0,45000.0,44350.0,1780000.0
2017-11-17,44400.0,44800.0,45150.0,44350.0,2060000.0
2017-11-16,44700.0,43750.0,44850.0,43600.0,2080000.0
2017-11-15,43600.0,43800.0,44200.0,43600.0,1300000.0
2017-11-14,43800.0,43500.0,44400.0,43350.0,3010000.0
2017-11-13,43400.0,43500.0,43700.0,43000.0,2100000.0
2017-11-10,43100.0,43000.0,43650.0,42800.0,2190000.0
2017-11-09,43100.0,43800.0,44000.0,43100.0,1900000.0
2017-11-08,43600.0,42450.0,44000.0,42200.0,2700000.0
2017-11-07,42450.0,42500.0,42850.0,42000.0,1710000.0
2017-11-06,42500.0,42000.0,42900.0,41800.0,2460000.0
2017-11-03,41900.0,41400.0,41900.0,40800.0,1400000.0
2017-11-02,41100.0,41600.0,42900.0,41100.0,2340000.0
2017-11-01,41600.0,41600.0,41850.0,41350.0,2150000.0
2017-10-31,41400.0,41900.0,42100.0,41400.0,1320000.0
2017-10-30,41900.0,42300.0,42950.0,41500.0,3810000.0
2017-10-27,42000.0,40600.0,42000.0,40450.0,2350000.0
2017-10-26,40600.0,40750.0,41250.0,40200.0,1920000.0
2017-10-25,40750.0,40000.0,40800.0,40000.0,1390000.0
2017-10-24,40000.0,39850.0,40300.0,39500.0,1210000.0
2017-10-23,39900.0,40850.0,41350.0,39800.0,3570000.0
2017-10-20,40800.0,40550.0,41300.0,40450.0,2069999.9999999998
2017-10-19,40500.0,40700.0,40900.0,40300.0,1480000.0
2017-10-18,40700.0,40900.0,41400.0,40550.0,3050000.0
2017-10-17,41000.0,39050.0,41000.0,39000.0,3060000.0
2017-10-16,39050.0,39450.0,39500.0,38950.0,1540000.0
2017-10-13,39350.0,39000.0,39400.0,39000.0,1780000.0
2017-10-12,39050.0,39350.0,39450.0,39050.0,1770000.0
2017-10-11,39350.0,39800.0,39900.0,39050.0,2840000.0
2017-10-10,39650.0,39400.0,39900.0,39200.0,2580000.0
2017-10-09,39400.0,39350.0,39650.0,39150.0,2500000.0
2017-10-06,39050.0,38700.0,39150.0,38650.0,2320000.0
2017-10-05,38700.0,39200.0,40000.0,38700.0,5670000.0
2017-10-04,38800.0,37500.0,39000.0,37500.0,4840000.0
2017-10-03,37600.0,37800.0,37900.0,37500.0,1420000.0
2017-10-02,37650.0,37800.0,38100.0,37450.0,1210000.0
2017-09-29,37600.0,37250.0,37750.0,37200.0,2120000.0
2017-09-28,37250.0,37200.0,37450.0,37100.0,1570000.0
2017-09-27,37700.0,37900.0,38000.0,37550.0,1380000.0
2017-09-26,37650.0,37500.0,37700.0,37300.0,871840.0
2017-09-25,37500.0,37650.0,37750.0,37450.0,1070000.0
2017-09-22,37650.0,37850.0,37900.0,37600.0,1050000.0
2017-09-21,37850.0,37800.0,38150.0,37750.0,1220000.0
2017-09-20,37800.0,37450.0,38200.0,37450.0,2170000.0
2017-09-19,37400.0,37450.0,37800.0,37300.0,2470000.0
2017-09-18,37600.0,38000.0,38200.0,37600.0,2920000.0
2017-09-15,38000.0,38300.0,38400.0,37900.0,2800000.0
2017-09-14,38300.0,38200.0,38500.0,37900.0,2430000.0
2017-09-13,38050.0,38400.0,38400.0,37900.0,774520.0
2017-09-12,38050.0,37700.0,38100.0,37650.0,1340000.0
2017-09-11,37700.0,37800.0,38900.0,37700.0,1860000.0
2017-09-08,37700.0,38000.0,38100.0,37650.0,753240.0
2017-09-07,37700.0,38000.0,38000.0,37700.0,558020.0
2017-09-06,38000.0,38000.0,38150.0,37750.0,589690.0
2017-09-05,38150.0,37400.0,38300.0,37150.0,1660000.0
2017-09-01,37450.0,37400.0,37500.0,37100.0,655740.0
2017-08-31,37100.0,36900.0,37450.0,36850.0,697650.0
2017-08-30,37000.0,37000.0,37300.0,36900.0,697600.0
2017-08-29,37000.0,37450.0,37500.0,37000.0,691290.0
2017-08-28,37450.0,37150.0,37450.0,37100.0,664630.0
2017-08-25,37150.0,37050.0,37400.0,37050.0,222240.0
2017-08-24,37050.0,37150.0,37450.0,36900.0,326460.0
2017-08-23,37000.0,37000.0,37100.0,36700.0,551970.0
2017-08-22,36900.0,37500.0,37500.0,36900.0,547530.0
2017-08-21,37400.0,37500.0,37600.0,37300.0,257279.99999999997
2017-08-18,37500.0,37300.0,37800.0,37150.0,720950.0
2017-08-17,37300.0,37500.0,37550.0,37150.0,521370.0
2017-08-16,37500.0,37300.0,37550.0,37250.0,388380.0
2017-08-15,37300.0,37600.0,37700.0,37300.0,466800.0
2017-08-14,37650.0,37450.0,37800.0,37450.0,363540.0
2017-08-11,37450.0,37450.0,37550.0,37300.0,580140.0
2017-08-10,37700.0,37550.0,37900.0,37450.0,1130000.0
2017-08-09,37800.0,38400.0,38550.0,37500.0,1230000.0
2017-08-08,38400.0,38050.0,38950.0,38050.0,1640000.0
2017-08-07,38050.0,38100.0,38250.0,38000.0,748690.0
2017-08-04,38050.0,38300.0,38400.0,37900.0,755620.0
2017-08-03,38300.0,38300.0,38400.0,38100.0,677010.0
2017-08-02,38100.0,38100.0,38400.0,37800.0,943280.0
2017-08-01,38400.0,38000.0,38700.0,38000.0,1710000.0
2017-07-31,37750.0,37500.0,37900.0,37500.0,1100000.0
2017-07-28,37500.0,37350.0,37800.0,37300.0,1250000.0
2017-07-27,37350.0,37400.0,37550.0,37350.0,661800.0
2017-07-26,37400.0,37450.0,37600.0,37200.0,1240000.0
2017-07-25,37300.0,37200.0,37350.0,36900.0,483370.0
2017-07-24,37300.0,37000.0,37300.0,36650.0,914230.0
2017-07-21,37000.0,37600.0,37700.0,37000.0,1060000.0
2017-07-20,37450.0,37500.0,37600.0,37100.0,1090000.0
2017-07-19,37600.0,37800.0,37950.0,37500.0,1170000.0
2017-07-18,37750.0,37600.0,38000.0,37550.0,1400000.0
2017-07-17,37700.0,38250.0,38350.0,37700.0,703340.0
2017-07-14,38250.0,38200.0,38350.0,38050.0,386280.0
2017-07-13,38200.0,38500.0,38500.0,38000.0,467540.0
2017-07-12,38000.0,38500.0,38500.0,37850.0,1300000.0
2017-07-11,38300.0,38000.0,38300.0,37600.0,1100000.0
2017-07-10,38100.0,38900.0,39100.0,38000.0,1360000.0
2017-07-07,38700.0,39500.0,39650.0,38700.0,1160000.0
2017-07-06,39350.0,38800.0,39500.0,38800.0,2380000.0
2017-07-05,38850.0,39000.0,39000.0,38450.0,799160.0
2017-07-04,38700.0,39000.0,39000.0,38500.0,819980.0
2017-07-03,38900.0,38500.0,39150.0,38400.0,1810000.0
2017-06-30,38500.0,38300.0,38600.0,38100.0,854400.0
2017-06-29,38200.0,38300.0,38350.0,37900.0,841580.0
2017-06-28,38050.0,38250.0,38300.0,37850.0,1400000.0
2017-06-27,38250.0,38800.0,38850.0,38250.0,1030000.0
2017-06-26,38500.0,38300.0,38600.0,38150.0,1210000.0
2017-06-23,38100.0,38050.0,38200.0,37750.0,1880000.0
2017-06-22,38100.0,38700.0,38750.0,38100.0,1360000.0
2017-06-21,38650.0,39300.0,39350.0,38000.0,2270000.0
2017-06-20,39500.0,39800.0,39800.0,39300.0,2280000.0
2017-06-19,39700.0,39850.0,40000.0,39400.0,1530000.0
2017-06-16,39500.0,39850.0,39850.0,39250.0,2710000.0
2017-06-15,39500.0,39200.0,39600.0,39050.0,3000000.0
2017-06-14,39200.0,38550.0,39400.0,38550.0,2820000.0
2017-06-13,38550.0,38050.0,38650.0,38000.0,986280.0
2017-06-12,38350.0,38400.0,38450.0,37950.0,971550.0
2017-06-09,38400.0,38100.0,38600.0,37900.0,1970000.0
2017-06-08,37900.0,38200.0,38300.0,37800.0,1630000.0
2017-06-07,38300.0,38700.0,38850.0,38200.0,2420000.0
2017-06-06,38650.0,37300.0,38650.0,37200.0,4750000.0
2017-06-05,37200.0,36400.0,37300.0,36350.0,1910000.0
2017-06-02,36300.0,36300.0,36500.0,36100.0,1090000.0
2017-06-01,36300.0,36400.0,36650.0,36200.0,972860.0
2017-05-31,36200.0,36700.0,36700.0,35800.0,1480000.0
2017-05-30,36300.0,36700.0,36700.0,36200.0,1370000.0
2017-05-29,36400.0,37100.0,37400.0,36400.0,1700000.0
2017-05-26,36700.0,37050.0,37250.0,36700.0,1240000.0
2017-05-25,37100.0,37800.0,37850.0,37100.0,1690000.0
2017-05-24,37750.0,37150.0,38050.0,37050.0,1580000.0
2017-05-23,37200.0,37500.0,37700.0,37200.0,1330000.0
2017-05-22,37500.0,37100.0,38200.0,36750.0,3430000.0
2017-05-19,36750.0,36400.0,36750.0,36300.0,1090000.0
2017-05-18,36350.0,36100.0,36550.0,36100.0,1050000.0
2017-05-17,36200.0,36000.0,36350.0,36000.0,1250000.0
2017-05-16,36050.0,36100.0,36400.0,36000.0,1010000.0
2017-05-15,36300.0,36400.0,36500.0,36150.0,1130000.0
2017-05-12,36450.0,36750.0,36800.0,36350.0,898130.0
2017-05-11,36800.0,36800.0,37000.0,36750.0,1220000.0
2017-05-10,36750.0,36450.0,37000.0,36450.0,1450000.0
2017-05-09,36450.0,35750.0,36600.0,35650.0,1630000.0
2017-05-08,35750.0,36100.0,36300.0,35700.0,863080.0
2017-05-05,36100.0,36300.0,36300.0,35900.0,783900.0
2017-05-04,36300.0,35500.0,36600.0,35400.0,2190000.0
2017-05-03,35500.0,35100.0,36000.0,35050.0,899880.0
2017-04-28,35100.0,34800.0,35250.0,34750.0,1520000.0
2017-04-27,34850.0,35200.0,35300.0,34700.0,2240000.0
2017-04-26,35050.0,35100.0,35200.0,35000.0,709260.0
2017-04-25,35100.0,35100.0,35300.0,34950.0,656130.0
2017-04-24,35100.0,35500.0,35750.0,35100.0,450210.0
2017-04-21,35500.0,35400.0,35900.0,35400.0,517030.0
2017-04-20,35400.0,35900.0,35900.0,35400.0,1000000.0
2017-04-19,35900.0,35800.0,36100.0,35700.0,571690.0
2017-04-18,35850.0,35500.0,35850.0,35400.0,534340.0
2017-04-17,35500.0,36350.0,36450.0,35500.0,1030000.0
2017-04-14,36350.0,36700.0,36750.0,36000.0,1030000.0
2017-04-13,36750.0,36650.0,37150.0,36650.0,771230.0
2017-04-12,36800.0,37000.0,37000.0,36650.0,925540.0
2017-04-11,36900.0,36700.0,37000.0,36700.0,494890.0
2017-04-10,36700.0,36900.0,37100.0,36700.0,701010.0
2017-04-07,36800.0,36600.0,36900.0,36600.0,746360.0
2017-04-05,36850.0,36800.0,37300.0,36800.0,620740.0
2017-04-04,36800.0,36500.0,37100.0,36450.0,1010000.0
2017-04-03,36400.0,36900.0,37050.0,36300.0,2230000.0
2017-03-31,36900.0,37200.0,37400.0,36900.0,1650000.0
2017-03-30,37200.0,37300.0,37600.0,37200.0,1000000.0
2017-03-29,37300.0,37250.0,37500.0,37150.0,1380000.0
2017-03-28,37400.0,37800.0,38050.0,37350.0,1950000.0
2017-03-27,37800.0,38000.0,38400.0,37750.0,1680000.0
2017-03-24,38000.0,38500.0,38550.0,37750.0,1410000.0
2017-03-23,38250.0,37700.0,38500.0,37600.0,1640000.0
2017-03-22,37700.0,38000.0,38350.0,37600.0,1940000.0
2017-03-21,38000.0,37900.0,38000.0,37600.0,975510.0
2017-03-20,37550.0,37400.0,37900.0,37400.0,1080000.0
2017-03-17,37000.0,37100.0,37550.0,36950.0,3100000.0
2017-03-16,37100.0,37000.0,37250.0,36950.0,574840.0
2017-03-15,36950.0,37250.0,37250.0,36950.0,561660.0
2017-03-14,37050.0,37050.0,37400.0,37050.0,502570.0
2017-03-13,37050.0,37100.0,37400.0,37050.0,885720.0
2017-03-10,37500.0,37900.0,38200.0,37350.0,596520.0
2017-03-09,37800.0,37950.0,38400.0,37800.0,1000000.0
2017-03-08,37700.0,37300.0,38200.0,37300.0,892080.0
2017-03-07,37500.0,37500.0,37500.0,37100.0,561990.0
2017-03-06,37300.0,38000.0,38000.0,37300.0,510190.0
2017-03-03,37500.0,37200.0,37600.0,36900.0,516470.0
2017-03-02,36900.0,37600.0,37700.0,36900.0,1150000.0
2017-03-01,37200.0,37400.0,37600.0,37200.0,753500.0
2017-02-28,37400.0,38200.0,38200.0,37400.0,703780.0
2017-02-27,38200.0,37200.0,38350.0,37200.0,902460.0
2017-02-24,37450.0,37800.0,37850.0,37300.0,785650.0
2017-02-23,37600.0,37900.0,38200.0,37550.0,1450000.0
2017-02-22,37900.0,38500.0,38500.0,37800.0,802090.0
2017-02-21,38400.0,38000.0,38450.0,37950.0,1080000.0
2017-02-20,37950.0,38500.0,38500.0,37900.0,1320000.0
2017-02-17,38300.0,38700.0,38750.0,38300.0,1220000.0
2017-02-16,38600.0,39200.0,39550.0,38500.0,1360000.0
2017-02-15,39000.0,38850.0,39300.0,38600.0,1420000.0
2017-02-14,38700.0,38850.0,39100.0,38500.0,1330000.0
2017-02-13,38850.0,39300.0,39300.0,38700.0,1490000.0
2017-02-10,39300.0,39650.0,39650.0,39300.0,1750000.0
2017-02-09,39700.0,39850.0,39900.0,39500.0,1200000.0
2017-02-08,39750.0,39400.0,39800.0,39100.0,1790000.0
2017-02-07,39250.0,38800.0,39250.0,38750.0,1530000.0
2017-02-06,38700.0,38700.0,38900.0,38400.0,1290000.0
2017-02-03,38700.0,39500.0,39500.0,38700.0,1550000.0
2017-02-02,39450.0,39600.0,39600.0,38900.0,1370000.0
2017-01-25,39300.0,38900.0,39300.0,38400.0,1350000.0
2017-01-24,38600.0,38050.0,38600.0,38000.0,899030.0
2017-01-23,38100.0,38350.0,38350.0,37950.0,717890.0
2017-01-20,38000.0,38200.0,38500.0,38000.0,908930.0
2017-01-19,38000.0,38400.0,38500.0,38000.0,521039.99999999994
2017-01-18,38300.0,38750.0,39150.0,38300.0,1140000.0
2017-01-17,38950.0,37500.0,39150.0,37500.0,2340000.0
2017-01-16,37350.0,37500.0,37800.0,37050.0,641920.0
2017-01-13,37450.0,37600.0,38300.0,37450.0,1160000.0
2017-01-12,37900.0,38400.0,38500.0,37800.0,1860000.0
2017-01-11,38450.0,38400.0,38750.0,38250.0,1500000.0
2017-01-10,38400.0,38400.0,38650.0,38350.0,1230000.0
2017-01-09,38700.0,38200.0,38950.0,38100.0,2380000.0
2017-01-06,37900.0,37200.0,38400.0,37100.0,2500000.0
2017-01-05,37150.0,36900.0,37300.0,36850.0,855250.0
2017-01-04,37000.0,37500.0,37600.0,36800.0,1340000.0
2017-01-03,37250.0,35600.0,37500.0,35600.0,2020000.0
2016-12-30,35450.0,35450.0,35700.0,35400.0,565850.0
2016-12-29,35450.0,35900.0,35900.0,35400.0,482410.0
2016-12-28,35600.0,36100.0,36100.0,35600.0,647070.0
2016-12-27,36000.0,36200.0,36400.0,36000.0,821630.0
2016-12-26,36100.0,35650.0,36200.0,35600.0,1010000.0
2016-12-23,35600.0,34950.0,35600.0,34850.0,985440.0
2016-12-22,34900.0,35100.0,35100.0,34850.0,422940.0
2016-12-21,34950.0,34900.0,35200.0,34700.0,314930.0
2016-12-20,34950.0,35300.0,35300.0,34850.0,449350.0
2016-12-19,35150.0,35100.0,35300.0,35000.0,847210.0
2016-12-16,35100.0,35000.0,35100.0,34700.0,1270000.0
2016-12-15,35000.0,34800.0,35300.0,34500.0,540870.0
2016-12-14,34800.0,34250.0,34850.0,34250.0,500040.0
2016-12-13,34400.0,34900.0,34900.0,34250.0,775830.0
2016-12-12,34900.0,34600.0,35000.0,34600.0,557230.0
2016-12-09,35050.0,34800.0,35150.0,34800.0,566840.0
2016-12-08,35000.0,34400.0,35450.0,34200.0,677500.0
2016-12-07,34400.0,34150.0,34400.0,34150.0,779510.0
2016-12-06,34150.0,34950.0,34950.0,34000.0,1340000.0
2016-12-05,34900.0,35100.0,35150.0,34900.0,548780.0
2016-12-02,35300.0,35200.0,35350.0,35100.0,751530.0
2016-12-01,35250.0,35500.0,35500.0,35200.0,866550.0
2016-11-30,35200.0,34600.0,35200.0,34400.0,2060000.0
2016-11-29,35000.0,35300.0,35500.0,34800.0,1320000.0
2016-11-28,35500.0,35700.0,35700.0,35350.0,1060000.0
2016-11-25,35800.0,36000.0,36100.0,35700.0,689900.0
2016-11-24,36000.0,36100.0,36350.0,35900.0,632950.0
2016-11-23,36300.0,36100.0,36450.0,36000.0,938330.0
2016-11-22,36000.0,35700.0,36000.0,35650.0,623270.0
2016-11-21,35700.0,35550.0,35800.0,35500.0,592840.0
2016-11-18,35550.0,35500.0,35650.0,35450.0,628230.0
2016-11-17,35650.0,35800.0,35800.0,35350.0,737730.0
2016-11-16,35800.0,35800.0,35900.0,35600.0,455210.0
2016-11-15,35800.0,35750.0,36250.0,35750.0,278870.0
2016-11-14,35800.0,36250.0,36250.0,35750.0,745100.0
2016-11-11,36250.0,36500.0,36800.0,36050.0,898610.0
2016-11-10,36400.0,36400.0,36600.0,36350.0,792150.0
2016-11-09,36000.0,36300.0,36300.0,35000.0,1690000.0
2016-11-08,36400.0,36400.0,36450.0,36000.0,1090000.0
2016-11-07,36250.0,35100.0,36300.0,35050.0,1090000.0
2016-11-04,35000.0,35200.0,35200.0,34900.0,613830.0
2016-11-03,35000.0,35150.0,35250.0,34750.0,984650.0
2016-11-02,35400.0,35800.0,35950.0,35400.0,508170.0
2016-11-01,35900.0,35800.0,36200.0,35700.0,519580.00000000006
2016-10-31,36000.0,36300.0,36450.0,36000.0,672940.0
2016-10-28,36300.0,36300.0,36400.0,35900.0,435980.0
2016-10-27,36300.0,35300.0,36300.0,35300.0,844890.0
2016-10-26,35300.0,35750.0,35800.0,35300.0,694100.0
2016-10-25,35750.0,36100.0,36100.0,35400.0,1340000.0
2016-10-24,36100.0,36800.0,37000.0,36100.0,682740.0
2016-10-21,36700.0,36700.0,37000.0,36600.0,775760.0
2016-10-20,36700.0,36800.0,37000.0,36700.0,590370.0
2016-10-19,36700.0,36800.0,37200.0,36600.0,960210.0
2016-10-18,36450.0,36400.0,36900.0,36100.0,943960.0
2016-10-17,36400.0,37200.0,37200.0,36400.0,1570000.0
2016-10-14,37200.0,37300.0,37700.0,37200.0,840790.0
2016-10-13,37300.0,37700.0,37700.0,37100.0,587930.0
2016-10-12,37600.0,37800.0,37950.0,37450.0,532610.0
2016-10-11,37800.0,37700.0,37800.0,36600.0,2069999.9999999998
2016-10-10,37500.0,37950.0,38200.0,37000.0,1010000.0
2016-10-07,37950.0,38450.0,38650.0,37800.0,1320000.0
2016-10-06,38350.0,38200.0,38650.0,38200.0,1170000.0
2016-10-05,38200.0,38500.0,38600.0,38150.0,931670.0
2016-10-04,37900.0,37900.0,38600.0,37800.0,1650000.0
2016-10-03,37900.0,38300.0,38600.0,37700.0,1290000.0
2016-09-30,38300.0,38300.0,38800.0,38000.0,1400000.0
2016-09-29,38300.0,39000.0,39150.0,38000.0,1750000.0
2016-09-28,39000.0,38800.0,39200.0,38550.0,1750000.0
2016-09-27,38600.0,37600.0,38650.0,37400.0,2049999.9999999998
2016-09-26,37600.0,37350.0,37950.0,37050.0,1150000.0
2016-09-23,37350.0,37500.0,37650.0,37200.0,836780.0
2016-09-22,37500.0,37800.0,38300.0,37450.0,1590000.0
2016-09-21,37450.0,37000.0,37600.0,37000.0,1740000.0
2016-09-20,37450.0,36700.0,37600.0,36300.0,1200000.0
2016-09-19,36650.0,35700.0,36850.0,35700.0,1530000.0
2016-09-16,35000.0,36000.0,36100.0,35000.0,7270000.0
2016-09-15,36000.0,36800.0,37100.0,36000.0,717270.0
2016-09-14,36500.0,35550.0,37400.0,35550.0,1560000.0
2016-09-13,36000.0,37500.0,37500.0,36000.0,2160000.0
2016-09-12,37450.0,38600.0,38600.0,37000.0,1030000.0
2016-09-09,38700.0,38000.0,39100.0,37800.0,3350000.0
2016-09-08,37407.0,37778.0,37778.0,37037.0,2560000.0
2016-09-07,37407.0,37778.0,38519.0,37037.0,2140000.0
2016-09-06,37407.0,37778.0,38148.0,37037.0,2490000.0
2016-09-05,37407.0,38889.0,38889.0,36889.0,5660000.0
2016-09-01,38889.0,40370.0,40741.0,38148.0,4630000.0
2016-08-31,40000.0,41111.0,41852.0,39630.0,3500000.0
2016-08-30,41111.0,41852.0,42222.0,40741.0,2089999.9999999998
2016-08-29,42593.0,44074.0,44815.0,42593.0,1790000.0
2016-08-26,42593.0,41482.0,42593.0,41111.0,2460000.0
2016-08-25,40000.0,40000.0,40370.0,39630.0,612280.0
2016-08-24,40000.0,39630.0,40370.0,39630.0,371560.0
2016-08-23,39259.0,39259.0,40000.0,38889.0,755100.0
2016-08-22,39630.0,40741.0,40741.0,39630.0,630310.0
2016-08-19,39630.0,39259.0,40370.0,39259.0,338270.0
2016-08-18,39259.0,40000.0,40741.0,39259.0,780060.0
2016-08-17,39259.0,40000.0,40000.0,38518.0,857750.0
2016-08-16,40000.0,40000.0,40741.0,39630.0,692930.0
2016-08-15,40370.0,39630.0,40741.0,39630.0,223530.0
2016-08-12,40370.0,41111.0,41482.0,39630.0,446890.0
2016-08-11,41482.0,39630.0,41482.0,39630.0,995530.0
2016-08-10,39630.0,38889.0,40000.0,38889.0,418550.0
2016-08-09,39259.0,38518.0,39259.0,38148.0,244420.0
2016-08-08,38518.0,38148.0,38518.0,37407.0,470830.0
2016-08-05,37778.0,38889.0,38889.0,37407.0,442760.0
2016-08-04,38518.0,37778.0,40000.0,37407.0,725840.0
2016-08-03,37407.0,37778.0,38148.0,36667.0,437710.0
2016-08-02,38148.0,39259.0,39259.0,37778.0,856660.0
2016-08-01,39259.0,40000.0,40000.0,39259.0,492800.0
2016-07-29,40000.0,40370.0,40741.0,39630.0,304570.0
2016-07-28,40741.0,40370.0,40741.0,39630.0,123380.0
2016-07-27,40370.0,38889.0,40370.0,38889.0,543020.0
2016-07-26,39259.0,39259.0,40000.0,38518.0,362840.0
2016-07-25,39259.0,38518.0,39630.0,38148.0,430510.0
2016-07-22,38518.0,40741.0,41111.0,38518.0,1200000.0
2016-07-21,41111.0,40741.0,41111.0,39259.0,887440.0
2016-07-20,40741.0,41852.0,41852.0,40000.0,570430.0
2016-07-19,41482.0,41482.0,42222.0,40741.0,754720.0
2016-07-18,41111.0,39630.0,41482.0,39259.0,994370.0
2016-07-15,40000.0,41482.0,42222.0,40000.0,1150000.0
2016-07-14,41482.0,42963.0,43333.0,41482.0,1240000.0
2016-07-13,42593.0,40000.0,42593.0,40000.0,1950000.0
2016-07-12,40000.0,38518.0,40000.0,38518.0,978790.0
2016-07-11,38518.0,38148.0,39630.0,37778.0,2080000.0
2016-07-08,37778.0,37778.0,38889.0,37037.0,1130000.0
2016-07-07,37778.0,37407.0,37778.0,36889.0,965170.0
2016-07-06,37037.0,37037.0,38148.0,36963.0,799230.0
2016-07-05,37407.0,36593.0,38518.0,36593.0,2240000.0
2016-07-04,36444.0,35185.0,36593.0,35185.0,1630000.0
2016-07-01,35185.0,35037.0,35407.0,34815.0,707200.0
2016-06-30,35037.0,34889.0,35185.0,34815.0,645960.0
2016-06-29,35037.0,34518.0,35111.0,34518.0,735120.0
2016-06-28,34370.0,33926.0,34667.0,33926.0,544090.0
2016-06-27,34222.0,34370.0,34370.0,33630.0,461500.0
2016-06-24,34667.0,35482.0,35556.0,33111.0,1120000.0
2016-06-23,35556.0,34741.0,35556.0,34667.0,929260.0
2016-06-22,34667.0,34815.0,34889.0,34444.0,652430.0
2016-06-21,34815.0,34741.0,34889.0,34667.0,712460.0
2016-06-20,34741.0,34889.0,35037.0,34296.0,840050.0
2016-06-17,34889.0,35037.0,35333.0,34889.0,1280000.0
2016-06-16,35333.0,35482.0,35630.0,35259.0,846690.0
2016-06-15,35407.0,35704.0,35704.0,35333.0,814240.0
2016-06-14,35778.0,35630.0,36000.0,35407.0,1070000.0
2016-06-13,35852.0,35926.0,36222.0,35778.0,1620000.0
2016-06-10,35926.0,35630.0,36370.0,35630.0,1190000.0
2016-06-09,35630.0,35482.0,35778.0,35333.0,541900.0
2016-06-08,35482.0,35630.0,36000.0,35407.0,1230000.0
2016-06-07,35630.0,35556.0,35778.0,35333.0,588550.0
2016-06-06,35407.0,34889.0,35926.0,34889.0,1060000.0
2016-06-03,35037.0,34815.0,35185.0,34815.0,594580.0
2016-06-02,34889.0,34667.0,35037.0,34518.0,392550.0
2016-06-01,34741.0,34444.0,34815.0,34444.0,500820.0
2016-05-31,34593.0,34741.0,35185.0,34518.0,661960.0
2016-05-30,34667.0,33852.0,34667.0,33630.0,722470.0
2016-05-27,33556.0,33630.0,33778.0,33185.0,798500.0
2016-05-26,33556.0,34074.0,34296.0,33556.0,975970.0
2016-05-25,34074.0,34444.0,34593.0,34074.0,367850.0
2016-05-24,34000.0,34370.0,34444.0,33704.0,1020000.0
2016-05-23,34148.0,35037.0,35407.0,34148.0,946440.0
2016-05-20,35111.0,36000.0,36148.0,34963.0,1400000.0
2016-05-19,35630.0,36296.0,36296.0,35630.0,543860.0
2016-05-18,36296.0,35778.0,36889.0,35704.0,1700000.0
2016-05-17,35778.0,35704.0,36148.0,35482.0,895320.0
2016-05-16,35778.0,35111.0,35778.0,34963.0,509330.0
2016-05-13,35259.0,35556.0,35778.0,34815.0,916970.0
2016-05-12,35556.0,36296.0,36518.0,35556.0,659810.0
2016-05-11,36296.0,36000.0,36444.0,35778.0,963170.0
2016-05-10,36000.0,35556.0,36000.0,35259.0,735410.0
2016-05-09,35556.0,36000.0,36518.0,35556.0,1120000.0
2016-05-06,36000.0,35111.0,36148.0,34963.0,2060000.0
2016-05-05,34889.0,34444.0,35407.0,34296.0,1450000.0
2016-05-04,34148.0,33926.0,34593.0,33482.0,1010000.0
2016-04-29,34074.0,33778.0,34667.0,33778.0,980610.0
2016-04-28,34222.0,34074.0,34667.0,33852.0,935940.0
2016-04-27,34074.0,34963.0,35185.0,34000.0,1610000.0
2016-04-26,34963.0,33704.0,34963.0,33704.0,1130000.0
2016-04-25,34000.0,34000.0,34667.0,34000.0,1760000.0
2016-04-22,33852.0,31778.0,33926.0,31778.0,3350000.0
2016-04-21,31778.0,31704.0,32000.0,31556.0,1100000.0
2016-04-20,31704.0,31482.0,31704.0,31185.0,1040000.0
2016-04-19,31407.0,31556.0,32074.0,31259.0,1330000.0
2016-04-15,31482.0,31482.0,32222.0,31333.0,1600000.0
2016-04-14,31333.0,31037.0,31482.0,30963.0,1050000.0
2016-04-13,31037.0,31333.0,31407.0,30963.0,855890.0
2016-04-12,31185.0,30815.0,31556.0,30370.0,1310000.0
2016-04-11,30815.0,30667.0,31111.0,30296.0,1330000.0
2016-04-08,30667.0,30741.0,30889.0,30593.0,882410.0
2016-04-07,30889.0,31259.0,31259.0,30444.0,802260.0
2016-04-06,31111.0,30370.0,31111.0,30296.0,1240000.0
2016-04-05,30370.0,30296.0,30667.0,30148.0,823760.0
2016-04-04,30296.0,30518.0,30593.0,30000.0,593350.0
2016-04-01,30296.0,30370.0,30667.0,30222.0,749070.0
2016-03-31,30370.0,31111.0,31259.0,30370.0,1270000.0
2016-03-30,31185.0,30815.0,31333.0,30815.0,600060.0
2016-03-29,31111.0,31778.0,31778.0,31111.0,439950.0
2016-03-28,31704.0,31778.0,31852.0,31556.0,720760.0
2016-03-25,31704.0,31111.0,31704.0,30815.0,1870000.0
2016-03-24,31185.0,31778.0,31852.0,31111.0,1110000.0
2016-03-23,31778.0,32074.0,32074.0,31704.0,871690.0
2016-03-22,32074.0,31852.0,32074.0,31704.0,799380.0
2016-03-21,31778.0,32074.0,32518.0,31704.0,2510000.0
2016-03-18,31482.0,31556.0,31704.0,31259.0,4790000.0
2016-03-17,31630.0,32222.0,32370.0,31630.0,1450000.0
2016-03-16,32000.0,31185.0,32222.0,31185.0,2520000.0
2016-03-15,31111.0,30741.0,31185.0,30741.0,1750000.0
2016-03-14,30889.0,30889.0,30889.0,30593.0,1090000.0
2016-03-11,30815.0,30963.0,31037.0,30741.0,689510.0
2016-03-10,30815.0,30741.0,30889.0,30370.0,869100.0
2016-03-09,30667.0,30889.0,31037.0,30593.0,633870.0
2016-03-08,30815.0,30963.0,31111.0,30667.0,1050000.0
2016-03-07,30963.0,31111.0,31259.0,30889.0,766390.0
2016-03-04,30963.0,30815.0,31482.0,30741.0,919610.0
2016-03-03,30815.0,31037.0,31185.0,30741.0,627140.0
2016-03-02,30889.0,30444.0,31037.0,30370.0,874020.0
2016-03-01,30148.0,30370.0,30741.0,30148.0,1150000.0
2016-02-29,30370.0,30963.0,31111.0,30370.0,1200000.0
2016-02-26,31111.0,31111.0,31111.0,30593.0,665770.0
2016-02-25,30963.0,31482.0,31852.0,30815.0,1670000.0
2016-02-24,31333.0,30370.0,31852.0,30148.0,2230000.0
2016-02-23,30370.0,30148.0,30815.0,30148.0,1530000.0
2016-02-22,29926.0,29704.0,30000.0,29630.0,881670.0
2016-02-19,29704.0,30074.0,30074.0,29704.0,639450.0
2016-02-18,29852.0,29630.0,30296.0,29556.0,993300.0
2016-02-17,29482.0,29852.0,30074.0,29482.0,1120000.0
2016-02-16,29852.0,29704.0,30222.0,29704.0,526570.0
2016-02-15,29852.0,29482.0,30074.0,29185.0,1080000.0
2016-02-05,29704.0,29333.0,29926.0,29333.0,362200.0
2016-02-04,29630.0,29630.0,30074.0,29630.0,387110.0
2016-02-03,29333.0,29630.0,29630.0,29111.0,1080000.0
2016-02-02,29926.0,29926.0,30222.0,29852.0,815140.0
2016-02-01,30148.0,30667.0,30741.0,30148.0,301480.0
2016-01-29,30667.0,30000.0,30667.0,29852.0,1380000.0
2016-01-28,30000.0,29852.0,30222.0,29852.0,758930.0
2016-01-27,30000.0,30593.0,30593.0,30000.0,785780.0
2016-01-26,30074.0,30000.0,30593.0,29852.0,886060.0
2016-01-25,30889.0,29630.0,31037.0,29630.0,1850000.0
2016-01-22,29333.0,29630.0,29704.0,28593.0,1050000.0
2016-01-21,29185.0,29259.0,29630.0,28963.0,883510.0
2016-01-20,29630.0,29630.0,30370.0,29259.0,990620.0
2016-01-19,29852.0,28593.0,29926.0,28593.0,1040000.0
2016-01-18,28593.0,29259.0,29630.0,28148.0,2180000.0
2016-01-15,30074.0,30963.0,31111.0,30074.0,1190000.0
2016-01-14,30963.0,30963.0,31259.0,30741.0,865860.0
2016-01-13,31333.0,31704.0,31778.0,31333.0,605880.0
2016-01-12,31630.0,31111.0,31630.0,31111.0,649400.0
2016-01-11,31037.0,31259.0,31407.0,30963.0,1000000.0
2016-01-08,31259.0,31333.0,31556.0,30889.0,913060.0
2016-01-07,31482.0,31704.0,31778.0,31111.0,1260000.0
2016-01-06,31852.0,31482.0,32000.0,31482.0,944310.0
2016-01-05,31482.0,31778.0,32148.0,31407.0,1530000.0
2016-01-04,32000.0,32444.0,32593.0,31556.0,1030000.0
2015-12-31,32518.0,32963.0,32963.0,32444.0,1010000.0
2015-12-30,32815.0,32667.0,33259.0,32518.0,1520000.0
2015-12-29,32593.0,31482.0,32667.0,31407.0,1940000.0
2015-12-28,31482.0,31704.0,31852.0,31482.0,582630.0
2015-12-25,31482.0,31333.0,31778.0,31259.0,793690.0
2015-12-24,31259.0,31556.0,31704.0,31259.0,308190.0
2015-12-23,31407.0,31185.0,31556.0,31111.0,1140000.0
2015-12-22,31482.0,31630.0,31778.0,31333.0,678810.0
2015-12-21,31482.0,31111.0,31482.0,31111.0,1390000.0
2015-12-18,30518.0,32222.0,32667.0,30518.0,4260000.0
2015-12-17,32593.0,32370.0,32741.0,32296.0,911740.0
2015-12-16,32222.0,32222.0,32741.0,32074.0,895170.0
2015-12-15,32000.0,30815.0,32296.0,30815.0,1690000.0
2015-12-14,30815.0,30741.0,31037.0,30518.0,856060.0
2015-12-11,30593.0,30518.0,31037.0,30222.0,781700.0
2015-12-10,30518.0,30667.0,30963.0,30370.0,548130.0
2015-12-09,30667.0,31926.0,31926.0,30518.0,1200000.0
2015-12-08,31926.0,30222.0,32000.0,29630.0,1230000.0
2015-12-07,30222.0,31185.0,31185.0,30148.0,1910000.0
2015-12-04,31333.0,31778.0,31778.0,31185.0,653240.0
2015-12-03,31556.0,31111.0,31926.0,31111.0,1330000.0
2015-12-02,31259.0,31185.0,31630.0,31111.0,2340000.0
2015-12-01,31185.0,31778.0,32148.0,31111.0,1190000.0
2015-11-30,31778.0,32741.0,32815.0,31778.0,1320000.0
2015-11-27,32815.0,33407.0,33630.0,32667.0,909090.0
2015-11-26,33630.0,33926.0,34074.0,33630.0,379400.0
2015-11-25,34074.0,34370.0,34370.0,33704.0,528120.0
2015-11-24,34222.0,34593.0,34593.0,34074.0,543640.0
2015-11-23,34593.0,34889.0,34963.0,34593.0,625930.0
2015-11-20,34815.0,34815.0,35037.0,34815.0,361880.0
2015-11-19,34815.0,35111.0,35111.0,34741.0,484990.0
2015-11-18,34963.0,34815.0,35185.0,34815.0,408480.0
2015-11-17,34963.0,34889.0,35556.0,34815.0,605760.0
2015-11-16,34889.0,34889.0,35259.0,34741.0,576410.0
2015-11-13,35185.0,35333.0,35407.0,34889.0,771480.0
2015-11-12,35259.0,35185.0,35333.0,34593.0,1190000.0
2015-11-11,35333.0,35778.0,36000.0,35333.0,663520.0
2015-11-10,35778.0,36296.0,36370.0,35778.0,828240.0
2015-11-09,36370.0,35556.0,36518.0,35407.0,1510000.0
2015-11-06,35556.0,35482.0,35926.0,35037.0,1120000.0
2015-11-05,35482.0,35407.0,35630.0,35333.0,506100.0
2015-11-04,35704.0,35778.0,36148.0,35704.0,1260000.0
2015-11-03,35704.0,35333.0,35704.0,34889.0,966130.0
2015-11-02,35333.0,35333.0,35926.0,35259.0,1660000.0
2015-10-30,35333.0,34593.0,35333.0,34593.0,2310000.0
2015-10-29,34593.0,34222.0,34593.0,34074.0,1020000.0
2015-10-28,34148.0,34518.0,34593.0,34074.0,894740.0
2015-10-27,34518.0,34518.0,34741.0,34370.0,534530.0
2015-10-26,34593.0,34889.0,34963.0,34593.0,1020000.0
2015-10-23,34741.0,34518.0,34889.0,34444.0,1030000.0
2015-10-22,34222.0,34074.0,34222.0,33778.0,486260.0
2015-10-21,33778.0,33630.0,34518.0,33630.0,896750.0
2015-10-20,33630.0,34148.0,34148.0,33556.0,1270000.0
2015-10-19,34074.0,34593.0,34593.0,34074.0,1180000.0
2015-10-16,34593.0,35111.0,35407.0,34593.0,920850.0
2015-10-15,35111.0,35111.0,35259.0,34889.0,680970.0
2015-10-14,34963.0,35482.0,35482.0,34963.0,1240000.0
2015-10-13,35482.0,35407.0,35556.0,35185.0,997070.0
2015-10-12,35630.0,34667.0,35852.0,34518.0,2060000.0
2015-10-09,34444.0,35185.0,35185.0,34444.0,959920.0
2015-10-08,34741.0,33630.0,34889.0,33630.0,1810000.0
2015-10-07,33482.0,33778.0,34370.0,33482.0,2060000.0
2015-10-06,33556.0,32593.0,33630.0,32593.0,1770000.0
2015-10-05,32222.0,32074.0,32370.0,31852.0,453710.0
2015-10-02,31852.0,31926.0,32222.0,31630.0,558820.0
2015-10-01,31852.0,31852.0,32000.0,31778.0,378310.0
2015-09-30,31778.0,31926.0,32148.0,31778.0,464310.0
2015-09-29,31704.0,31630.0,31778.0,31333.0,1220000.0
2015-09-28,31852.0,32667.0,32667.0,31852.0,1360000.0
2015-09-25,32593.0,32667.0,32815.0,32518.0,631980.0
2015-09-24,32667.0,33111.0,33333.0,32667.0,743980.0
2015-09-23,32963.0,32889.0,33037.0,32593.0,1010000.0
2015-09-22,33037.0,33111.0,33407.0,32889.0,401490.0
2015-09-21,33111.0,32593.0,33185.0,32593.0,497930.0
2015-09-18,32593.0,32593.0,33185.0,32593.0,4179999.9999999995
2015-09-17,32296.0,32815.0,32815.0,32296.0,525450.0
2015-09-16,32593.0,31852.0,32667.0,31852.0,773910.0
2015-09-15,31630.0,32000.0,32148.0,31556.0,982920.0
2015-09-14,32000.0,33111.0,33852.0,32000.0,1570000.0
2015-09-11,33185.0,33704.0,34148.0,33037.0,1200000.0
2015-09-10,34074.0,33333.0,34667.0,33185.0,1880000.0
2015-09-09,33926.0,33556.0,34518.0,33333.0,2450000.0
2015-09-08,32889.0,31185.0,32889.0,31111.0,3650000.0
2015-09-07,31185.0,31111.0,31556.0,31037.0,801050.0
2015-09-04,31111.0,30815.0,31333.0,30815.0,735800.0
2015-09-03,30815.0,31333.0,31704.0,30593.0,1940000.0
2015-09-01,31482.0,31556.0,31852.0,31111.0,888180.0
2015-08-31,31482.0,32222.0,32296.0,31482.0,1770000.0
2015-08-28,32148.0,30815.0,32148.0,30815.0,2880000.0
2015-08-27,30815.0,30889.0,31704.0,30593.0,1990000.0
2015-08-26,30370.0,29704.0,30963.0,29704.0,1390000.0
2015-08-25,29704.0,28148.0,30148.0,28148.0,2630000.0
2015-08-24,29259.0,31111.0,31111.0,29259.0,2800000.0
2015-08-21,31407.0,31259.0,31407.0,30074.0,1560000.0
2015-08-20,31778.0,31704.0,32222.0,31259.0,1040000.0
2015-08-19,32074.0,31333.0,32222.0,30518.0,1520000.0
2015-08-18,31482.0,30370.0,31482.0,30222.0,1410000.0
2015-08-17,30370.0,32148.0,32444.0,29852.0,2100000.0
2015-08-14,32074.0,32593.0,32889.0,31407.0,2069999.9999999998
2015-08-13,32593.0,33704.0,33704.0,32518.0,1600000.0
2015-08-12,33704.0,34518.0,34667.0,33556.0,1400000.0
2015-08-11,34889.0,34667.0,35482.0,34296.0,2040000.0
2015-08-10,34370.0,33037.0,34370.0,33037.0,556750.0
2015-08-07,33259.0,33407.0,33556.0,32593.0,1850000.0
2015-08-06,33407.0,34148.0,34741.0,33259.0,1210000.0
2015-08-05,34148.0,34074.0,34667.0,33852.0,1390000.0
2015-08-04,34074.0,35333.0,35630.0,34074.0,1010000.0
2015-08-03,35482.0,36889.0,36889.0,34667.0,1490000.0
2015-07-31,36963.0,38148.0,38148.0,36963.0,504080.0
2015-07-30,37778.0,37778.0,37778.0,37037.0,433040.0
2015-07-29,37778.0,38148.0,38518.0,37778.0,535690.0
2015-07-28,38148.0,38148.0,39259.0,37778.0,1010000.0
2015-07-27,37778.0,37407.0,38148.0,37037.0,1250000.0
2015-07-24,37407.0,38148.0,38518.0,37407.0,477750.0
2015-07-23,38148.0,38889.0,39259.0,38148.0,538890.0
2015-07-22,38518.0,36444.0,38889.0,36296.0,1490000.0
2015-07-21,36444.0,36593.0,37407.0,36222.0,817640.0
2015-07-20,36593.0,37778.0,37778.0,36518.0,575730.0
2015-07-17,37778.0,38148.0,38518.0,37778.0,463480.0
2015-07-16,37778.0,37778.0,38518.0,37037.0,507320.0
2015-07-15,37778.0,38889.0,38889.0,37778.0,540900.0
2015-07-14,38889.0,38889.0,39259.0,37037.0,694890.0
2015-07-13,38889.0,39259.0,39630.0,38518.0,709060.0
2015-07-10,38889.0,40000.0,40000.0,38889.0,627590.0
2015-07-09,38889.0,38148.0,40370.0,37407.0,1460000.0
2015-07-08,38518.0,40000.0,40370.0,37407.0,2230000.0
2015-07-07,40000.0,40000.0,41482.0,39630.0,1350000.0
2015-07-06,40370.0,40370.0,41111.0,39259.0,1660000.0
2015-07-03,40370.0,38148.0,40741.0,38148.0,1060000.0
2015-07-02,38148.0,35852.0,38148.0,35778.0,1320000.0
2015-07-01,35926.0,36148.0,36222.0,35037.0,733740.0
2015-06-30,36148.0,34518.0,36222.0,34518.0,1710000.0
2015-06-29,34815.0,32741.0,34963.0,32667.0,1080000.0
2015-06-26,33111.0,34593.0,34741.0,33111.0,930350.0
2015-06-25,34741.0,34741.0,35111.0,34444.0,672150.0
2015-06-24,34741.0,35259.0,35333.0,34741.0,679400.0
2015-06-23,35259.0,35185.0,35333.0,34815.0,540320.0
2015-06-22,35259.0,34518.0,35259.0,34518.0,829820.0
2015-06-19,34444.0,33185.0,34444.0,33111.0,2430000.0
2015-06-18,33259.0,32815.0,33630.0,32815.0,624620.0
2015-06-17,32889.0,32593.0,33407.0,32518.0,367900.0
2015-06-16,32963.0,33556.0,33704.0,32963.0,487280.0
2015-06-15,33556.0,32296.0,33556.0,32296.0,613020.0
2015-06-12,32296.0,32296.0,32593.0,32222.0,347300.0
2015-06-11,32370.0,32296.0,33037.0,31778.0,1090000.0
2015-06-10,32074.0,32889.0,32889.0,31704.0,851090.0
2015-06-09,32741.0,33333.0,33556.0,32518.0,932940.0
2015-06-08,33556.0,33407.0,34000.0,33037.0,611410.0
2015-06-05,33407.0,32593.0,33852.0,32370.0,812920.0
2015-06-04,32963.0,32815.0,33704.0,32518.0,544060.0
2015-06-03,32963.0,34074.0,34444.0,32593.0,901210.0
2015-06-02,34000.0,34000.0,35704.0,33926.0,2840000.0
2015-06-01,33852.0,32074.0,34074.0,32074.0,1630000.0
2015-05-29,32074.0,31704.0,32593.0,31630.0,1460000.0
2015-05-28,31926.0,31556.0,32741.0,31482.0,1420000.0
2015-05-27,31778.0,31259.0,32296.0,31259.0,1020000.0
2015-05-26,31852.0,31111.0,32296.0,31037.0,1370000.0
2015-05-25,31111.0,30963.0,31407.0,30815.0,926670.0
2015-05-22,31259.0,29852.0,31333.0,29630.0,1730000.0
2015-05-21,29630.0,29630.0,30000.0,29407.0,925520.0
2015-05-20,29333.0,28963.0,29407.0,28889.0,651710.0
2015-05-19,28963.0,28370.0,29259.0,28222.0,473670.0
2015-05-18,28593.0,28074.0,28667.0,27926.0,751490.0
2015-05-15,28444.0,28370.0,28815.0,28074.0,628750.0
2015-05-14,28370.0,28000.0,28518.0,28000.0,83560.0
2015-05-13,28222.0,28593.0,28593.0,27778.0,491470.0
2015-05-12,28593.0,28963.0,28963.0,28370.0,584520.0
2015-05-11,28815.0,28667.0,29037.0,28593.0,422440.0
2015-05-08,28667.0,27852.0,28963.0,27630.0,1400000.0
2015-05-07,27852.0,27482.0,27926.0,27333.0,926230.0
2015-05-06,27482.0,27407.0,27704.0,27185.0,580190.0
2015-05-05,27556.0,26370.0,27556.0,26296.0,639640.0
2015-05-04,26370.0,26815.0,27185.0,26296.0,690170.0
2015-04-27,26815.0,27482.0,27630.0,26815.0,271460.0
2015-04-24,27556.0,27556.0,27630.0,27407.0,249900.0
2015-04-23,27407.0,27407.0,27482.0,27185.0,551620.0
2015-04-22,27407.0,27185.0,27482.0,27185.0,904180.0
2015-04-21,27185.0,27482.0,27630.0,27111.0,925260.0
2015-04-20,27630.0,27778.0,27778.0,27333.0,710840.0
2015-04-17,27704.0,27630.0,27926.0,27630.0,1240000.0
2015-04-16,27630.0,27111.0,27852.0,27037.0,1400000.0
2015-04-15,27111.0,26889.0,27185.0,26889.0,924970.0
2015-04-14,26963.0,27111.0,27185.0,26889.0,1470000.0
2015-04-13,26963.0,26815.0,26963.0,26667.0,900340.0
2015-04-10,26667.0,26518.0,26963.0,26518.0,764440.0
2015-04-09,26518.0,26222.0,26815.0,26222.0,718590.0
2015-04-08,26296.0,26444.0,26518.0,26222.0,1400000.0
2015-04-07,26518.0,26296.0,26593.0,26000.0,939710.0
2015-04-06,26296.0,26296.0,26444.0,26296.0,467260.0
2015-04-03,26444.0,26444.0,26518.0,26296.0,587550.0
2015-04-02,26444.0,25926.0,26518.0,25852.0,727000.0
2015-04-01,25926.0,26000.0,26148.0,25778.0,1190000.0
2015-03-31,26000.0,26000.0,26370.0,25926.0,914190.0
2015-03-30,26000.0,26000.0,26296.0,26000.0,897210.0
2015-03-27,26148.0,25926.0,26370.0,25852.0,1960000.0
2015-03-26,25926.0,25852.0,26444.0,25852.0,1810000.0
2015-03-25,26222.0,26000.0,26296.0,25926.0,893040.0
2015-03-24,26148.0,25926.0,26222.0,25556.0,2210000.0
2015-03-23,26074.0,26667.0,26815.0,26000.0,1340000.0
2015-03-20,26667.0,26148.0,26963.0,26148.0,5480000.0
2015-03-19,26296.0,26370.0,26370.0,26148.0,1380000.0
2015-03-18,26518.0,26370.0,26593.0,26148.0,411800.0
2015-03-17,26444.0,26296.0,26741.0,26296.0,811030.0
2015-03-16,26148.0,25926.0,26889.0,25926.0,2790000.0
2015-03-13,27185.0,27407.0,27704.0,27185.0,672330.0
2015-03-12,27259.0,26963.0,27333.0,26963.0,510500.0
2015-03-11,27037.0,27259.0,27333.0,26963.0,778540.0
2015-03-10,27259.0,26741.0,27407.0,26741.0,805800.0
2015-03-09,26963.0,27630.0,27630.0,26741.0,1590000.0
2015-03-06,27630.0,28000.0,28148.0,27185.0,1910000.0
2015-03-05,28074.0,28667.0,28667.0,28074.0,935170.0
2015-03-04,28741.0,28741.0,28741.0,28222.0,602480.0
2015-03-03,28518.0,28370.0,28889.0,28148.0,763050.0
2015-03-02,28444.0,28370.0,28667.0,27926.0,419770.0
2015-02-27,28444.0,29259.0,29259.0,28074.0,947690.0
2015-02-26,29185.0,28518.0,29556.0,28444.0,1000000.0
2015-02-25,28222.0,28815.0,29556.0,28222.0,1200000.0
2015-02-24,28889.0,27407.0,28889.0,27185.0,1370000.0
2015-02-13,27037.0,26889.0,27259.0,26889.0,524200.00000000006
2015-02-12,26889.0,27704.0,27704.0,26889.0,781110.0
2015-02-11,27482.0,26963.0,27630.0,26889.0,717900.0
2015-02-10,26963.0,26963.0,27333.0,26889.0,800510.0
2015-02-09,26815.0,26518.0,27185.0,26296.0,1370000.0
2015-02-06,26667.0,25926.0,26667.0,25926.0,929770.0
2015-02-05,25852.0,24815.0,25926.0,24815.0,1100000.0
2015-02-04,24518.0,24074.0,24667.0,23630.0,1840000.0
2015-02-03,24667.0,26370.0,26518.0,24667.0,2020000.0
2015-02-02,26444.0,26296.0,26741.0,26222.0,821030.0
2015-01-30,26444.0,27259.0,27259.0,26370.0,1570000.0
2015-01-29,27333.0,27704.0,27704.0,27259.0,799040.0
2015-01-28,27704.0,26889.0,27852.0,26667.0,1810000.0
2015-01-27,26889.0,27037.0,27259.0,26296.0,1400000.0
2015-01-26,27111.0,27482.0,27778.0,27111.0,673070.0
2015-01-23,27482.0,27037.0,28148.0,26889.0,1850000.0
2015-01-22,26815.0,26222.0,27333.0,25852.0,2570000.0
2015-01-21,26222.0,26667.0,26667.0,26222.0,724410.0
2015-01-20,26667.0,26222.0,26741.0,26148.0,1080000.0
2015-01-19,26222.0,26963.0,27556.0,26222.0,1250000.0
2015-01-16,26889.0,27259.0,27259.0,26741.0,915340.0
2015-01-15,27259.0,27556.0,28000.0,27259.0,1460000.0
2015-01-14,27704.0,27259.0,28222.0,27259.0,3160000.0
2015-01-13,27407.0,27407.0,27630.0,27037.0,2020000.0
2015-01-12,27556.0,27407.0,28000.0,27185.0,4130000.0
2015-01-09,27333.0,25852.0,27407.0,25852.0,3090000.0
2015-01-08,25630.0,24963.0,25926.0,24889.0,1220000.0
2015-01-07,24889.0,25259.0,25630.0,24518.0,1930000.0
2015-01-06,25185.0,23630.0,25185.0,23630.0,2270000.0
2015-01-05,23630.0,23482.0,23778.0,23259.0,418510.0
